g1	GO:0008150
g10	GO:0008150,GO:0005575
g11	GO:0008150,GO:0005575
g12	GO:0008150,GO:0005575
g13	GO:0008150,GO:0005575
g14	GO:0008150,GO:0005575
g15	GO:0008150,GO:0005575
g16	GO:0008150,GO:0005575
g17	GO:0008150,GO:0005575
g18	GO:0008150,GO:0005575
g19	GO:0008150,GO:0005575
g2	GO:0008150
g20	GO:0008150
g21	GO:0003674
g22	GO:0003674
g23	GO:0003674
g24	GO:0003674
g25	GO:0003674
g26	GO:0003674
g27	GO:0003674
g28	GO:0003674
g29	GO:0003674
g3	GO:0008150
g30	GO:0003674
g31	GO:0003674
g32	GO:0003674
g33	GO:0003674
g34	GO:0003674
g35	GO:0003674
g36	GO:0003674
g4	GO:0008150
g5	GO:0008150,GO:0005575
g6	GO:0008150,GO:0005575
g7	GO:0008150,GO:0005575
g8	GO:0008150,GO:0005575
g9	GO:0008150,GO:0005575
