osa-miR171a	augustus_masked-HiC_scaffold_14-processed-gene-807.14-mRNA-1	1	1038	1058	7.0	UGAUUGAGCCGCGCCAAUAUC	GATATTGGCGCGGCTCAATCA	5.3e-06	38.6
osa-miR171a	augustus_masked-HiC_scaffold_12-processed-gene-1094.34-mRNA-1	1	1071	1091	7.0	UGAUUGAGCCGCGCCAAUAUC	GATATTGGCGCGGCTCAATCA	5.3e-06	38.6
osa-miR171a	augustus_masked-HiC_scaffold_15-processed-gene-197.3-mRNA-1	1	870	890	7.0	UGAUUGAGCCGCGCCAAUAUC	GATATTGGCGCGGCTCAATCA	5.3e-06	38.6
osa-miR171a	augustus_masked-HiC_scaffold_14-processed-gene-806.18-mRNA-1	1	1044	1064	7.0	UGAUUGAGCCGCGCCAAUAUC	GATATTGGCGCGGCTCAATCA	5.3e-06	38.6
osa-miR171a	augustus_masked-HiC_scaffold_1-processed-gene-1847.4-mRNA-1	1	1170	1190	7.0	UGAUUGAGCCGCGCCAAUAUC	GATATTGGCGCGGCTCAATCA	5.3e-06	38.6
osa-miR171a	augustus_masked-HiC_scaffold_7-processed-gene-1376.33-mRNA-1	1	555	575	8.0	UGAUUGAGCCGCGCCAAUAUC	GATTTTGGCGCGGCTCAATCA	5e-05	35.3
osa-miR171a	augustus_masked-HiC_scaffold_10-processed-gene-1877.13-mRNA-1	1	618	638	7.0	UGAUUGAGCCGCGCCAAUAUC	GATATTGGCGCGGCTCAACCA	5e-05	35.3
ath-miR171b-3p	augustus_masked-HiC_scaffold_10-processed-gene-1877.13-mRNA-1	1	615	635	8.0	UUGAGCCGUGCCAAUAUCACG	CGTGATATTGGCGCGGCTCAA	3.2e-05	36.0
ath-miR171c-3p	augustus_masked-HiC_scaffold_10-processed-gene-1877.13-mRNA-1	1	615	635	8.0	UUGAGCCGUGCCAAUAUCACG	CGTGATATTGGCGCGGCTCAA	6.7e-05	34.9
osa-miR171b	augustus_masked-HiC_scaffold_14-processed-gene-806.18-mRNA-1	1	1044	1064	8.0	UGAUUGAGCCGUGCCAAUAUC	GATATTGGCGCGGCTCAATCA	6.2e-05	35.0
osa-miR171b	augustus_masked-HiC_scaffold_15-processed-gene-197.3-mRNA-1	1	870	890	8.0	UGAUUGAGCCGUGCCAAUAUC	GATATTGGCGCGGCTCAATCA	6.2e-05	35.0
osa-miR171b	augustus_masked-HiC_scaffold_1-processed-gene-1847.4-mRNA-1	1	1170	1190	8.0	UGAUUGAGCCGUGCCAAUAUC	GATATTGGCGCGGCTCAATCA	6.2e-05	35.0
osa-miR171b	augustus_masked-HiC_scaffold_12-processed-gene-1094.34-mRNA-1	1	1071	1091	8.0	UGAUUGAGCCGUGCCAAUAUC	GATATTGGCGCGGCTCAATCA	6.2e-05	35.0
osa-miR171b	augustus_masked-HiC_scaffold_14-processed-gene-807.14-mRNA-1	1	1038	1058	8.0	UGAUUGAGCCGUGCCAAUAUC	GATATTGGCGCGGCTCAATCA	6.2e-05	35.0
osa-miR171b	augustus_masked-HiC_scaffold_10-processed-gene-1877.13-mRNA-1	1	618	638	8.0	UGAUUGAGCCGUGCCAAUAUC	GATATTGGCGCGGCTCAACCA	0.00057	31.8
osa-miR171c-3p	augustus_masked-HiC_scaffold_1-processed-gene-1847.4-mRNA-1	1	1170	1190	8.0	UGAUUGAGCCGUGCCAAUAUC	GATATTGGCGCGGCTCAATCA	2.3e-05	36.5
osa-miR171c-3p	augustus_masked-HiC_scaffold_15-processed-gene-197.3-mRNA-1	1	870	890	8.0	UGAUUGAGCCGUGCCAAUAUC	GATATTGGCGCGGCTCAATCA	2.3e-05	36.5
osa-miR171c-3p	augustus_masked-HiC_scaffold_12-processed-gene-1094.34-mRNA-1	1	1071	1091	8.0	UGAUUGAGCCGUGCCAAUAUC	GATATTGGCGCGGCTCAATCA	2.3e-05	36.5
osa-miR171c-3p	augustus_masked-HiC_scaffold_14-processed-gene-806.18-mRNA-1	1	1044	1064	8.0	UGAUUGAGCCGUGCCAAUAUC	GATATTGGCGCGGCTCAATCA	2.3e-05	36.5
osa-miR171c-3p	augustus_masked-HiC_scaffold_14-processed-gene-807.14-mRNA-1	1	1038	1058	8.0	UGAUUGAGCCGUGCCAAUAUC	GATATTGGCGCGGCTCAATCA	2.3e-05	36.5
osa-miR171c-3p	augustus_masked-HiC_scaffold_10-processed-gene-1877.13-mRNA-1	1	618	638	8.0	UGAUUGAGCCGUGCCAAUAUC	GATATTGGCGCGGCTCAACCA	0.00025	33.0
zma-miR171b-3p	augustus_masked-HiC_scaffold_10-processed-gene-1877.13-mRNA-1	1	616	635	8.0	UUGAGCCGUGCCAAUAUCAC	GTGATATTGGCGCGGCTCAA	0.00015	33.7
zma-miR171b-3p	augustus_masked-HiC_scaffold_14-processed-gene-806.18-mRNA-1	1	1042	1061	8.0	UUGAGCCGUGCCAAUAUCAC	GGGATATTGGCGCGGCTCAA	0.0014	30.5
zma-miR171b-3p	augustus_masked-HiC_scaffold_12-processed-gene-1094.34-mRNA-1	1	1069	1088	8.0	UUGAGCCGUGCCAAUAUCAC	GAGATATTGGCGCGGCTCAA	0.0014	30.5
zma-miR171b-3p	augustus_masked-HiC_scaffold_14-processed-gene-807.14-mRNA-1	1	1036	1055	8.0	UUGAGCCGUGCCAAUAUCAC	GGGATATTGGCGCGGCTCAA	0.0014	30.5
zma-miR171b-3p	augustus_masked-HiC_scaffold_15-processed-gene-197.3-mRNA-1	1	868	887	8.0	UUGAGCCGUGCCAAUAUCAC	GAGATATTGGCGCGGCTCAA	0.0014	30.5
mtr-miR171b	augustus_masked-HiC_scaffold_15-processed-gene-197.3-mRNA-1	1	870	890	7.5	UGAUUGAGCCGCGUCAAUAUC	GATATTGGCGCGGCTCAATCA	3.4e-05	35.9
mtr-miR171b	augustus_masked-HiC_scaffold_1-processed-gene-1847.4-mRNA-1	1	1170	1190	7.5	UGAUUGAGCCGCGUCAAUAUC	GATATTGGCGCGGCTCAATCA	3.4e-05	35.9
mtr-miR171b	augustus_masked-HiC_scaffold_14-processed-gene-806.18-mRNA-1	1	1044	1064	7.5	UGAUUGAGCCGCGUCAAUAUC	GATATTGGCGCGGCTCAATCA	3.4e-05	35.9
mtr-miR171b	augustus_masked-HiC_scaffold_14-processed-gene-807.14-mRNA-1	1	1038	1058	7.5	UGAUUGAGCCGCGUCAAUAUC	GATATTGGCGCGGCTCAATCA	3.4e-05	35.9
mtr-miR171b	augustus_masked-HiC_scaffold_12-processed-gene-1094.34-mRNA-1	1	1071	1091	7.5	UGAUUGAGCCGCGUCAAUAUC	GATATTGGCGCGGCTCAATCA	3.4e-05	35.9
mtr-miR171b	augustus_masked-HiC_scaffold_10-processed-gene-1877.13-mRNA-1	1	618	638	7.5	UGAUUGAGCCGCGUCAAUAUC	GATATTGGCGCGGCTCAACCA	0.00034	32.6
mtr-miR171e-3p	augustus_masked-HiC_scaffold_14-processed-gene-806.18-mRNA-1	1	1044	1064	8.0	AGAUUGAGCCGCGCCAAUAUC	GATATTGGCGCGGCTCAATCA	2.7e-05	36.2
mtr-miR171e-3p	augustus_masked-HiC_scaffold_15-processed-gene-197.3-mRNA-1	1	870	890	8.0	AGAUUGAGCCGCGCCAAUAUC	GATATTGGCGCGGCTCAATCA	2.7e-05	36.2
mtr-miR171e-3p	augustus_masked-HiC_scaffold_12-processed-gene-1094.34-mRNA-1	1	1071	1091	8.0	AGAUUGAGCCGCGCCAAUAUC	GATATTGGCGCGGCTCAATCA	2.7e-05	36.2
mtr-miR171e-3p	augustus_masked-HiC_scaffold_14-processed-gene-807.14-mRNA-1	1	1038	1058	8.0	AGAUUGAGCCGCGCCAAUAUC	GATATTGGCGCGGCTCAATCA	2.7e-05	36.2
mtr-miR171e-3p	augustus_masked-HiC_scaffold_1-processed-gene-1847.4-mRNA-1	1	1170	1190	8.0	AGAUUGAGCCGCGCCAAUAUC	GATATTGGCGCGGCTCAATCA	2.7e-05	36.2
mtr-miR171e-3p	augustus_masked-HiC_scaffold_10-processed-gene-1877.13-mRNA-1	1	618	638	8.0	AGAUUGAGCCGCGCCAAUAUC	GATATTGGCGCGGCTCAACCA	0.00025	33.0
mtr-miR171f	augustus_masked-HiC_scaffold_10-processed-gene-1877.13-mRNA-1	1	615	635	8.0	UUGAGCCGUGCCAAUAUCACG	CGTGATATTGGCGCGGCTCAA	5.3e-05	35.3
bna-miR171b	augustus_masked-HiC_scaffold_10-processed-gene-1877.13-mRNA-1	1	615	635	8.0	UUGAGCCGUGCCAAUAUCACG	CGTGATATTGGCGCGGCTCAA	4.7e-05	35.4
bna-miR171c	augustus_masked-HiC_scaffold_10-processed-gene-1877.13-mRNA-1	1	615	635	8.0	UUGAGCCGUGCCAAUAUCACG	CGTGATATTGGCGCGGCTCAA	4.7e-05	35.4
vvi-miR171a	augustus_masked-HiC_scaffold_14-processed-gene-806.18-mRNA-1	1	1044	1064	8.0	UGAUUGAGCCGUGCCAAUAUC	GATATTGGCGCGGCTCAATCA	4.4e-05	35.5
vvi-miR171a	augustus_masked-HiC_scaffold_15-processed-gene-197.3-mRNA-1	1	870	890	8.0	UGAUUGAGCCGUGCCAAUAUC	GATATTGGCGCGGCTCAATCA	4.4e-05	35.5
vvi-miR171a	augustus_masked-HiC_scaffold_12-processed-gene-1094.34-mRNA-1	1	1071	1091	8.0	UGAUUGAGCCGUGCCAAUAUC	GATATTGGCGCGGCTCAATCA	4.4e-05	35.5
vvi-miR171a	augustus_masked-HiC_scaffold_1-processed-gene-1847.4-mRNA-1	1	1170	1190	8.0	UGAUUGAGCCGUGCCAAUAUC	GATATTGGCGCGGCTCAATCA	4.4e-05	35.5
vvi-miR171a	augustus_masked-HiC_scaffold_14-processed-gene-807.14-mRNA-1	1	1038	1058	8.0	UGAUUGAGCCGUGCCAAUAUC	GATATTGGCGCGGCTCAATCA	4.4e-05	35.5
vvi-miR171a	augustus_masked-HiC_scaffold_10-processed-gene-1877.13-mRNA-1	1	618	638	8.0	UGAUUGAGCCGUGCCAAUAUC	GATATTGGCGCGGCTCAACCA	0.00043	32.2
vvi-miR171b	augustus_masked-HiC_scaffold_1-processed-gene-1847.4-mRNA-1	1	1170	1190	7.5	UGAUUGAGCCGCGUCAAUAUC	GATATTGGCGCGGCTCAATCA	2.5e-05	36.3
vvi-miR171b	augustus_masked-HiC_scaffold_15-processed-gene-197.3-mRNA-1	1	870	890	7.5	UGAUUGAGCCGCGUCAAUAUC	GATATTGGCGCGGCTCAATCA	2.5e-05	36.3
vvi-miR171b	augustus_masked-HiC_scaffold_14-processed-gene-806.18-mRNA-1	1	1044	1064	7.5	UGAUUGAGCCGCGUCAAUAUC	GATATTGGCGCGGCTCAATCA	2.5e-05	36.3
vvi-miR171b	augustus_masked-HiC_scaffold_14-processed-gene-807.14-mRNA-1	1	1038	1058	7.5	UGAUUGAGCCGCGUCAAUAUC	GATATTGGCGCGGCTCAATCA	2.5e-05	36.3
vvi-miR171b	augustus_masked-HiC_scaffold_12-processed-gene-1094.34-mRNA-1	1	1071	1091	7.5	UGAUUGAGCCGCGUCAAUAUC	GATATTGGCGCGGCTCAATCA	2.5e-05	36.3
vvi-miR171b	augustus_masked-HiC_scaffold_10-processed-gene-1877.13-mRNA-1	1	618	638	7.5	UGAUUGAGCCGCGUCAAUAUC	GATATTGGCGCGGCTCAACCA	0.00027	32.9
vvi-miR171c	augustus_masked-HiC_scaffold_1-processed-gene-1847.4-mRNA-1	1	1170	1190	8.0	UGAUUGAGCCGUGCCAAUAUC	GATATTGGCGCGGCTCAATCA	7.5e-05	34.8
vvi-miR171c	augustus_masked-HiC_scaffold_12-processed-gene-1094.34-mRNA-1	1	1071	1091	8.0	UGAUUGAGCCGUGCCAAUAUC	GATATTGGCGCGGCTCAATCA	7.5e-05	34.8
vvi-miR171c	augustus_masked-HiC_scaffold_14-processed-gene-807.14-mRNA-1	1	1038	1058	8.0	UGAUUGAGCCGUGCCAAUAUC	GATATTGGCGCGGCTCAATCA	7.5e-05	34.8
vvi-miR171c	augustus_masked-HiC_scaffold_14-processed-gene-806.18-mRNA-1	1	1044	1064	8.0	UGAUUGAGCCGUGCCAAUAUC	GATATTGGCGCGGCTCAATCA	7.5e-05	34.8
vvi-miR171c	augustus_masked-HiC_scaffold_15-processed-gene-197.3-mRNA-1	1	870	890	8.0	UGAUUGAGCCGUGCCAAUAUC	GATATTGGCGCGGCTCAATCA	7.5e-05	34.8
vvi-miR171c	augustus_masked-HiC_scaffold_10-processed-gene-1877.13-mRNA-1	1	618	638	8.0	UGAUUGAGCCGUGCCAAUAUC	GATATTGGCGCGGCTCAACCA	0.00068	31.6
vvi-miR171d	augustus_masked-HiC_scaffold_12-processed-gene-1094.34-mRNA-1	1	1071	1091	8.0	UGAUUGAGCCGUGCCAAUAUC	GATATTGGCGCGGCTCAATCA	0.00011	34.2
vvi-miR171d	augustus_masked-HiC_scaffold_14-processed-gene-806.18-mRNA-1	1	1044	1064	8.0	UGAUUGAGCCGUGCCAAUAUC	GATATTGGCGCGGCTCAATCA	0.00011	34.2
vvi-miR171d	augustus_masked-HiC_scaffold_14-processed-gene-807.14-mRNA-1	1	1038	1058	8.0	UGAUUGAGCCGUGCCAAUAUC	GATATTGGCGCGGCTCAATCA	0.00011	34.2
vvi-miR171d	augustus_masked-HiC_scaffold_15-processed-gene-197.3-mRNA-1	1	870	890	8.0	UGAUUGAGCCGUGCCAAUAUC	GATATTGGCGCGGCTCAATCA	0.00011	34.2
vvi-miR171d	augustus_masked-HiC_scaffold_1-processed-gene-1847.4-mRNA-1	1	1170	1190	8.0	UGAUUGAGCCGUGCCAAUAUC	GATATTGGCGCGGCTCAATCA	0.00011	34.2
vvi-miR171d	augustus_masked-HiC_scaffold_10-processed-gene-1877.13-mRNA-1	1	618	638	8.0	UGAUUGAGCCGUGCCAAUAUC	GATATTGGCGCGGCTCAACCA	0.00092	31.1
vvi-miR171e	augustus_masked-HiC_scaffold_1-processed-gene-1847.4-mRNA-1	1	1170	1190	7.0	UGAUUGAGCCGCGCCAAUAUC	GATATTGGCGCGGCTCAATCA	3.6e-06	39.1
vvi-miR171e	augustus_masked-HiC_scaffold_12-processed-gene-1094.34-mRNA-1	1	1071	1091	7.0	UGAUUGAGCCGCGCCAAUAUC	GATATTGGCGCGGCTCAATCA	3.6e-06	39.1
vvi-miR171e	augustus_masked-HiC_scaffold_15-processed-gene-197.3-mRNA-1	1	870	890	7.0	UGAUUGAGCCGCGCCAAUAUC	GATATTGGCGCGGCTCAATCA	3.6e-06	39.1
vvi-miR171e	augustus_masked-HiC_scaffold_14-processed-gene-806.18-mRNA-1	1	1044	1064	7.0	UGAUUGAGCCGCGCCAAUAUC	GATATTGGCGCGGCTCAATCA	3.6e-06	39.1
vvi-miR171e	augustus_masked-HiC_scaffold_14-processed-gene-807.14-mRNA-1	1	1038	1058	7.0	UGAUUGAGCCGCGCCAAUAUC	GATATTGGCGCGGCTCAATCA	3.6e-06	39.1
vvi-miR171e	augustus_masked-HiC_scaffold_10-processed-gene-1877.13-mRNA-1	1	618	638	7.0	UGAUUGAGCCGCGCCAAUAUC	GATATTGGCGCGGCTCAACCA	3.5e-05	35.8
vvi-miR171e	augustus_masked-HiC_scaffold_7-processed-gene-1376.33-mRNA-1	1	555	575	8.0	UGAUUGAGCCGCGCCAAUAUC	GATTTTGGCGCGGCTCAATCA	3.5e-05	35.8
vvi-miR171f	augustus_masked-HiC_scaffold_10-processed-gene-1877.13-mRNA-1	1	615	635	8.0	UUGAGCCGCGCCAAUAUCACU	CGTGATATTGGCGCGGCTCAA	1.7e-05	36.9
vvi-miR171f	augustus_masked-HiC_scaffold_15-processed-gene-197.3-mRNA-1	1	867	887	7.0	UUGAGCCGCGCCAAUAUCACU	AGAGATATTGGCGCGGCTCAA	4.6e-05	35.5
vvi-miR171f	augustus_masked-HiC_scaffold_14-processed-gene-806.18-mRNA-1	1	1041	1061	7.0	UUGAGCCGCGCCAAUAUCACU	AGGGATATTGGCGCGGCTCAA	4.6e-05	35.5
vvi-miR171f	augustus_masked-HiC_scaffold_12-processed-gene-1094.34-mRNA-1	1	1068	1088	7.0	UUGAGCCGCGCCAAUAUCACU	AGAGATATTGGCGCGGCTCAA	4.6e-05	35.5
vvi-miR171f	augustus_masked-HiC_scaffold_14-processed-gene-807.14-mRNA-1	1	1035	1055	7.0	UUGAGCCGCGCCAAUAUCACU	AGGGATATTGGCGCGGCTCAA	4.6e-05	35.5
vvi-miR171f	augustus_masked-HiC_scaffold_1-processed-gene-1847.4-mRNA-1	1	1167	1187	8.0	UUGAGCCGCGCCAAUAUCACU	ATCGATATTGGCGCGGCTCAA	0.00021	33.3
vvi-miR171h	augustus_masked-HiC_scaffold_10-processed-gene-1877.13-mRNA-1	1	618	638	5.0	UGGUUGAGCCGCGCCAAUAUC	GATATTGGCGCGGCTCAACCA	1.9e-05	36.7
vvi-miR171h	augustus_masked-HiC_scaffold_12-processed-gene-1094.34-mRNA-1	1	1071	1091	7.0	UGGUUGAGCCGCGCCAAUAUC	GATATTGGCGCGGCTCAATCA	0.00015	33.7
vvi-miR171h	augustus_masked-HiC_scaffold_14-processed-gene-806.18-mRNA-1	1	1044	1064	7.0	UGGUUGAGCCGCGCCAAUAUC	GATATTGGCGCGGCTCAATCA	0.00015	33.7
vvi-miR171h	augustus_masked-HiC_scaffold_14-processed-gene-807.14-mRNA-1	1	1038	1058	7.0	UGGUUGAGCCGCGCCAAUAUC	GATATTGGCGCGGCTCAATCA	0.00015	33.7
vvi-miR171h	augustus_masked-HiC_scaffold_15-processed-gene-197.3-mRNA-1	1	870	890	7.0	UGGUUGAGCCGCGCCAAUAUC	GATATTGGCGCGGCTCAATCA	0.00015	33.7
vvi-miR171h	augustus_masked-HiC_scaffold_1-processed-gene-1847.4-mRNA-1	1	1170	1190	7.0	UGGUUGAGCCGCGCCAAUAUC	GATATTGGCGCGGCTCAATCA	0.00015	33.7
vvi-miR171h	augustus_masked-HiC_scaffold_7-processed-gene-1376.33-mRNA-1	1	555	575	8.0	UGGUUGAGCCGCGCCAAUAUC	GATTTTGGCGCGGCTCAATCA	0.0012	30.7
vvi-miR171i	augustus_masked-HiC_scaffold_14-processed-gene-806.18-mRNA-1	1	1044	1064	8.0	UGAUUGAGCCGUGCCAAUAUC	GATATTGGCGCGGCTCAATCA	5.8e-05	35.1
vvi-miR171i	augustus_masked-HiC_scaffold_12-processed-gene-1094.34-mRNA-1	1	1071	1091	8.0	UGAUUGAGCCGUGCCAAUAUC	GATATTGGCGCGGCTCAATCA	5.8e-05	35.1
vvi-miR171i	augustus_masked-HiC_scaffold_14-processed-gene-807.14-mRNA-1	1	1038	1058	8.0	UGAUUGAGCCGUGCCAAUAUC	GATATTGGCGCGGCTCAATCA	5.8e-05	35.1
vvi-miR171i	augustus_masked-HiC_scaffold_15-processed-gene-197.3-mRNA-1	1	870	890	8.0	UGAUUGAGCCGUGCCAAUAUC	GATATTGGCGCGGCTCAATCA	5.8e-05	35.1
vvi-miR171i	augustus_masked-HiC_scaffold_1-processed-gene-1847.4-mRNA-1	1	1170	1190	8.0	UGAUUGAGCCGUGCCAAUAUC	GATATTGGCGCGGCTCAATCA	5.8e-05	35.1
vvi-miR171i	augustus_masked-HiC_scaffold_10-processed-gene-1877.13-mRNA-1	1	618	638	8.0	UGAUUGAGCCGUGCCAAUAUC	GATATTGGCGCGGCTCAACCA	0.00054	31.9
sly-miR171a	augustus_masked-HiC_scaffold_12-processed-gene-1094.34-mRNA-1	1	1071	1091	8.0	UGAUUGAGCCGUGCCAAUAUC	GATATTGGCGCGGCTCAATCA	0.00021	33.2
sly-miR171a	augustus_masked-HiC_scaffold_1-processed-gene-1847.4-mRNA-1	1	1170	1190	8.0	UGAUUGAGCCGUGCCAAUAUC	GATATTGGCGCGGCTCAATCA	0.00021	33.2
sly-miR171a	augustus_masked-HiC_scaffold_14-processed-gene-807.14-mRNA-1	1	1038	1058	8.0	UGAUUGAGCCGUGCCAAUAUC	GATATTGGCGCGGCTCAATCA	0.00021	33.2
sly-miR171a	augustus_masked-HiC_scaffold_15-processed-gene-197.3-mRNA-1	1	870	890	8.0	UGAUUGAGCCGUGCCAAUAUC	GATATTGGCGCGGCTCAATCA	0.00021	33.2
sly-miR171a	augustus_masked-HiC_scaffold_14-processed-gene-806.18-mRNA-1	1	1044	1064	8.0	UGAUUGAGCCGUGCCAAUAUC	GATATTGGCGCGGCTCAATCA	0.00021	33.2
sly-miR171a	augustus_masked-HiC_scaffold_10-processed-gene-1877.13-mRNA-1	1	618	638	8.0	UGAUUGAGCCGUGCCAAUAUC	GATATTGGCGCGGCTCAACCA	0.0016	30.3
sly-miR171b-3p	augustus_masked-HiC_scaffold_10-processed-gene-1877.13-mRNA-1	1	615	635	8.0	UUGAGCCGUGCCAAUAUCACG	CGTGATATTGGCGCGGCTCAA	4.6e-05	35.5
sly-miR171d	augustus_masked-HiC_scaffold_10-processed-gene-1877.13-mRNA-1	1	616	635	7.0	UUGAGCCGCGCCAAUAUCAC	GTGATATTGGCGCGGCTCAA	1.5e-05	37.0
sly-miR171d	augustus_masked-HiC_scaffold_14-processed-gene-806.18-mRNA-1	1	1042	1061	7.0	UUGAGCCGCGCCAAUAUCAC	GGGATATTGGCGCGGCTCAA	0.00015	33.7
sly-miR171d	augustus_masked-HiC_scaffold_15-processed-gene-197.3-mRNA-1	1	868	887	7.0	UUGAGCCGCGCCAAUAUCAC	GAGATATTGGCGCGGCTCAA	0.00015	33.7
sly-miR171d	augustus_masked-HiC_scaffold_14-processed-gene-807.14-mRNA-1	1	1036	1055	7.0	UUGAGCCGCGCCAAUAUCAC	GGGATATTGGCGCGGCTCAA	0.00015	33.7
sly-miR171d	augustus_masked-HiC_scaffold_12-processed-gene-1094.34-mRNA-1	1	1069	1088	7.0	UUGAGCCGCGCCAAUAUCAC	GAGATATTGGCGCGGCTCAA	0.00015	33.7
sly-miR171d	augustus_masked-HiC_scaffold_7-processed-gene-1376.33-mRNA-1	1	553	572	8.0	UUGAGCCGCGCCAAUAUCAC	GTGATTTTGGCGCGGCTCAA	0.00015	33.7
sly-miR171d	augustus_masked-HiC_scaffold_1-processed-gene-1847.4-mRNA-1	1	1168	1187	8.0	UUGAGCCGCGCCAAUAUCAC	TCGATATTGGCGCGGCTCAA	0.00019	33.4
bra-miR171c	augustus_masked-HiC_scaffold_10-processed-gene-1877.13-mRNA-1	1	615	635	8.0	UUGAGCCGUGCCAAUAUCACG	CGTGATATTGGCGCGGCTCAA	3.9e-05	35.7
bra-miR171d	augustus_masked-HiC_scaffold_10-processed-gene-1877.13-mRNA-1	1	615	635	8.0	UUGAGCCGUGCCAAUAUCACG	CGTGATATTGGCGCGGCTCAA	5.2e-05	35.3
sbi-miR171k	augustus_masked-HiC_scaffold_14-processed-gene-806.18-mRNA-1	1	1044	1064	8.0	UGAUUGAGCCGUGCCAAUAUC	GATATTGGCGCGGCTCAATCA	4e-05	35.7
sbi-miR171k	augustus_masked-HiC_scaffold_15-processed-gene-197.3-mRNA-1	1	870	890	8.0	UGAUUGAGCCGUGCCAAUAUC	GATATTGGCGCGGCTCAATCA	4e-05	35.7
sbi-miR171k	augustus_masked-HiC_scaffold_1-processed-gene-1847.4-mRNA-1	1	1170	1190	8.0	UGAUUGAGCCGUGCCAAUAUC	GATATTGGCGCGGCTCAATCA	4e-05	35.7
sbi-miR171k	augustus_masked-HiC_scaffold_12-processed-gene-1094.34-mRNA-1	1	1071	1091	8.0	UGAUUGAGCCGUGCCAAUAUC	GATATTGGCGCGGCTCAATCA	4e-05	35.7
sbi-miR171k	augustus_masked-HiC_scaffold_14-processed-gene-807.14-mRNA-1	1	1038	1058	8.0	UGAUUGAGCCGUGCCAAUAUC	GATATTGGCGCGGCTCAATCA	4e-05	35.7
sbi-miR171k	augustus_masked-HiC_scaffold_10-processed-gene-1877.13-mRNA-1	1	618	638	8.0	UGAUUGAGCCGUGCCAAUAUC	GATATTGGCGCGGCTCAACCA	0.0004	32.4
rco-miR171a	augustus_masked-HiC_scaffold_10-processed-gene-1877.13-mRNA-1	1	615	635	8.0	UUGAGCCGUGCCAAUAUCACG	CGTGATATTGGCGCGGCTCAA	3.5e-05	35.9
rco-miR171b	augustus_masked-HiC_scaffold_10-processed-gene-1877.13-mRNA-1	1	615	635	8.0	UUGAGCCGUGCCAAUAUCACG	CGTGATATTGGCGCGGCTCAA	1.8e-05	36.8
rco-miR171c	augustus_masked-HiC_scaffold_1-processed-gene-1847.4-mRNA-1	1	1170	1190	8.0	UGAUUGAGCCGUGCCAAUAUC	GATATTGGCGCGGCTCAATCA	4.2e-05	35.6
rco-miR171c	augustus_masked-HiC_scaffold_14-processed-gene-806.18-mRNA-1	1	1044	1064	8.0	UGAUUGAGCCGUGCCAAUAUC	GATATTGGCGCGGCTCAATCA	4.2e-05	35.6
rco-miR171c	augustus_masked-HiC_scaffold_12-processed-gene-1094.34-mRNA-1	1	1071	1091	8.0	UGAUUGAGCCGUGCCAAUAUC	GATATTGGCGCGGCTCAATCA	4.2e-05	35.6
rco-miR171c	augustus_masked-HiC_scaffold_15-processed-gene-197.3-mRNA-1	1	870	890	8.0	UGAUUGAGCCGUGCCAAUAUC	GATATTGGCGCGGCTCAATCA	4.2e-05	35.6
rco-miR171c	augustus_masked-HiC_scaffold_14-processed-gene-807.14-mRNA-1	1	1038	1058	8.0	UGAUUGAGCCGUGCCAAUAUC	GATATTGGCGCGGCTCAATCA	4.2e-05	35.6
rco-miR171c	augustus_masked-HiC_scaffold_10-processed-gene-1877.13-mRNA-1	1	618	638	8.0	UGAUUGAGCCGUGCCAAUAUC	GATATTGGCGCGGCTCAACCA	0.00041	32.3
rco-miR171e	augustus_masked-HiC_scaffold_1-processed-gene-1847.4-mRNA-1	1	1170	1190	8.0	UGAUUGAGCCGUGCCAAUAUC	GATATTGGCGCGGCTCAATCA	5.1e-05	35.3
rco-miR171e	augustus_masked-HiC_scaffold_14-processed-gene-806.18-mRNA-1	1	1044	1064	8.0	UGAUUGAGCCGUGCCAAUAUC	GATATTGGCGCGGCTCAATCA	5.1e-05	35.3
rco-miR171e	augustus_masked-HiC_scaffold_14-processed-gene-807.14-mRNA-1	1	1038	1058	8.0	UGAUUGAGCCGUGCCAAUAUC	GATATTGGCGCGGCTCAATCA	5.1e-05	35.3
rco-miR171e	augustus_masked-HiC_scaffold_12-processed-gene-1094.34-mRNA-1	1	1071	1091	8.0	UGAUUGAGCCGUGCCAAUAUC	GATATTGGCGCGGCTCAATCA	5.1e-05	35.3
rco-miR171e	augustus_masked-HiC_scaffold_15-processed-gene-197.3-mRNA-1	1	870	890	8.0	UGAUUGAGCCGUGCCAAUAUC	GATATTGGCGCGGCTCAATCA	5.1e-05	35.3
rco-miR171e	augustus_masked-HiC_scaffold_10-processed-gene-1877.13-mRNA-1	1	618	638	8.0	UGAUUGAGCCGUGCCAAUAUC	GATATTGGCGCGGCTCAACCA	0.00048	32.1
rco-miR171g	augustus_masked-HiC_scaffold_14-processed-gene-806.18-mRNA-1	1	1044	1064	8.0	AGAUUGAGCCGCGCCAAUAUC	GATATTGGCGCGGCTCAATCA	1e-05	37.7
rco-miR171g	augustus_masked-HiC_scaffold_15-processed-gene-197.3-mRNA-1	1	870	890	8.0	AGAUUGAGCCGCGCCAAUAUC	GATATTGGCGCGGCTCAATCA	1e-05	37.7
rco-miR171g	augustus_masked-HiC_scaffold_12-processed-gene-1094.34-mRNA-1	1	1071	1091	8.0	AGAUUGAGCCGCGCCAAUAUC	GATATTGGCGCGGCTCAATCA	1e-05	37.7
rco-miR171g	augustus_masked-HiC_scaffold_14-processed-gene-807.14-mRNA-1	1	1038	1058	8.0	AGAUUGAGCCGCGCCAAUAUC	GATATTGGCGCGGCTCAATCA	1e-05	37.7
rco-miR171g	augustus_masked-HiC_scaffold_1-processed-gene-1847.4-mRNA-1	1	1170	1190	8.0	AGAUUGAGCCGCGCCAAUAUC	GATATTGGCGCGGCTCAATCA	1e-05	37.7
rco-miR171g	augustus_masked-HiC_scaffold_10-processed-gene-1877.13-mRNA-1	1	618	638	8.0	AGAUUGAGCCGCGCCAAUAUC	GATATTGGCGCGGCTCAACCA	0.0001	34.3
aly-miR171b-3p	augustus_masked-HiC_scaffold_10-processed-gene-1877.13-mRNA-1	1	615	635	8.0	UUGAGCCGUGCCAAUAUCACG	CGTGATATTGGCGCGGCTCAA	9e-06	37.8
aly-miR171c-3p	augustus_masked-HiC_scaffold_10-processed-gene-1877.13-mRNA-1	1	615	635	8.0	UUGAGCCGUGCCAAUAUCACG	CGTGATATTGGCGCGGCTCAA	8.3e-05	34.6
csi-miR171a	augustus_masked-HiC_scaffold_10-processed-gene-1877.13-mRNA-1	1	616	635	8.0	UUGAGCCGUGCCAAUAUCAC	GTGATATTGGCGCGGCTCAA	0.0001	34.3
csi-miR171a	augustus_masked-HiC_scaffold_12-processed-gene-1094.34-mRNA-1	1	1069	1088	8.0	UUGAGCCGUGCCAAUAUCAC	GAGATATTGGCGCGGCTCAA	0.001	30.9
csi-miR171a	augustus_masked-HiC_scaffold_14-processed-gene-806.18-mRNA-1	1	1042	1061	8.0	UUGAGCCGUGCCAAUAUCAC	GGGATATTGGCGCGGCTCAA	0.001	30.9
csi-miR171a	augustus_masked-HiC_scaffold_14-processed-gene-807.14-mRNA-1	1	1036	1055	8.0	UUGAGCCGUGCCAAUAUCAC	GGGATATTGGCGCGGCTCAA	0.001	30.9
csi-miR171a	augustus_masked-HiC_scaffold_15-processed-gene-197.3-mRNA-1	1	868	887	8.0	UUGAGCCGUGCCAAUAUCAC	GAGATATTGGCGCGGCTCAA	0.001	30.9
tcc-miR171a	augustus_masked-HiC_scaffold_1-processed-gene-1847.4-mRNA-1	1	1170	1190	7.0	UGAUUGAGCCGCGCCAAUAUC	GATATTGGCGCGGCTCAATCA	1.7e-06	40.3
tcc-miR171a	augustus_masked-HiC_scaffold_12-processed-gene-1094.34-mRNA-1	1	1071	1091	7.0	UGAUUGAGCCGCGCCAAUAUC	GATATTGGCGCGGCTCAATCA	1.7e-06	40.3
tcc-miR171a	augustus_masked-HiC_scaffold_15-processed-gene-197.3-mRNA-1	1	870	890	7.0	UGAUUGAGCCGCGCCAAUAUC	GATATTGGCGCGGCTCAATCA	1.7e-06	40.3
tcc-miR171a	augustus_masked-HiC_scaffold_14-processed-gene-806.18-mRNA-1	1	1044	1064	7.0	UGAUUGAGCCGCGCCAAUAUC	GATATTGGCGCGGCTCAATCA	1.7e-06	40.3
tcc-miR171a	augustus_masked-HiC_scaffold_14-processed-gene-807.14-mRNA-1	1	1038	1058	7.0	UGAUUGAGCCGCGCCAAUAUC	GATATTGGCGCGGCTCAATCA	1.7e-06	40.3
tcc-miR171a	augustus_masked-HiC_scaffold_10-processed-gene-1877.13-mRNA-1	1	618	638	7.0	UGAUUGAGCCGCGCCAAUAUC	GATATTGGCGCGGCTCAACCA	1.8e-05	36.8
tcc-miR171a	augustus_masked-HiC_scaffold_7-processed-gene-1376.33-mRNA-1	1	555	575	8.0	UGAUUGAGCCGCGCCAAUAUC	GATTTTGGCGCGGCTCAATCA	1.8e-05	36.8
tcc-miR171b	augustus_masked-HiC_scaffold_14-processed-gene-807.14-mRNA-1	1	1038	1058	8.0	AGAUUGAGCCGCGCCAAUAUC	GATATTGGCGCGGCTCAATCA	1.5e-05	37.0
tcc-miR171b	augustus_masked-HiC_scaffold_1-processed-gene-1847.4-mRNA-1	1	1170	1190	8.0	AGAUUGAGCCGCGCCAAUAUC	GATATTGGCGCGGCTCAATCA	1.5e-05	37.0
tcc-miR171b	augustus_masked-HiC_scaffold_12-processed-gene-1094.34-mRNA-1	1	1071	1091	8.0	AGAUUGAGCCGCGCCAAUAUC	GATATTGGCGCGGCTCAATCA	1.5e-05	37.0
tcc-miR171b	augustus_masked-HiC_scaffold_14-processed-gene-806.18-mRNA-1	1	1044	1064	8.0	AGAUUGAGCCGCGCCAAUAUC	GATATTGGCGCGGCTCAATCA	1.5e-05	37.0
tcc-miR171b	augustus_masked-HiC_scaffold_15-processed-gene-197.3-mRNA-1	1	870	890	8.0	AGAUUGAGCCGCGCCAAUAUC	GATATTGGCGCGGCTCAATCA	1.5e-05	37.0
tcc-miR171b	augustus_masked-HiC_scaffold_10-processed-gene-1877.13-mRNA-1	1	618	638	8.0	AGAUUGAGCCGCGCCAAUAUC	GATATTGGCGCGGCTCAACCA	0.00015	33.8
tcc-miR171c	augustus_masked-HiC_scaffold_15-processed-gene-197.3-mRNA-1	1	870	890	8.0	AGAUUGAGCCGCGCCAAUAUC	GATATTGGCGCGGCTCAATCA	9.5e-06	37.7
tcc-miR171c	augustus_masked-HiC_scaffold_12-processed-gene-1094.34-mRNA-1	1	1071	1091	8.0	AGAUUGAGCCGCGCCAAUAUC	GATATTGGCGCGGCTCAATCA	9.5e-06	37.7
tcc-miR171c	augustus_masked-HiC_scaffold_14-processed-gene-807.14-mRNA-1	1	1038	1058	8.0	AGAUUGAGCCGCGCCAAUAUC	GATATTGGCGCGGCTCAATCA	9.5e-06	37.7
tcc-miR171c	augustus_masked-HiC_scaffold_1-processed-gene-1847.4-mRNA-1	1	1170	1190	8.0	AGAUUGAGCCGCGCCAAUAUC	GATATTGGCGCGGCTCAATCA	9.5e-06	37.7
tcc-miR171c	augustus_masked-HiC_scaffold_14-processed-gene-806.18-mRNA-1	1	1044	1064	8.0	AGAUUGAGCCGCGCCAAUAUC	GATATTGGCGCGGCTCAATCA	9.5e-06	37.7
tcc-miR171c	augustus_masked-HiC_scaffold_10-processed-gene-1877.13-mRNA-1	1	618	638	8.0	AGAUUGAGCCGCGCCAAUAUC	GATATTGGCGCGGCTCAACCA	0.0001	34.3
tcc-miR171d	augustus_masked-HiC_scaffold_1-processed-gene-1847.4-mRNA-1	1	1170	1190	8.0	UGAUUGAGCCGUGCCAAUAUC	GATATTGGCGCGGCTCAATCA	7.5e-05	34.8
tcc-miR171d	augustus_masked-HiC_scaffold_14-processed-gene-806.18-mRNA-1	1	1044	1064	8.0	UGAUUGAGCCGUGCCAAUAUC	GATATTGGCGCGGCTCAATCA	7.5e-05	34.8
tcc-miR171d	augustus_masked-HiC_scaffold_15-processed-gene-197.3-mRNA-1	1	870	890	8.0	UGAUUGAGCCGUGCCAAUAUC	GATATTGGCGCGGCTCAATCA	7.5e-05	34.8
tcc-miR171d	augustus_masked-HiC_scaffold_12-processed-gene-1094.34-mRNA-1	1	1071	1091	8.0	UGAUUGAGCCGUGCCAAUAUC	GATATTGGCGCGGCTCAATCA	7.5e-05	34.8
tcc-miR171d	augustus_masked-HiC_scaffold_14-processed-gene-807.14-mRNA-1	1	1038	1058	8.0	UGAUUGAGCCGUGCCAAUAUC	GATATTGGCGCGGCTCAATCA	7.5e-05	34.8
tcc-miR171d	augustus_masked-HiC_scaffold_10-processed-gene-1877.13-mRNA-1	1	618	638	8.0	UGAUUGAGCCGUGCCAAUAUC	GATATTGGCGCGGCTCAACCA	0.00066	31.6
tcc-miR171f	augustus_masked-HiC_scaffold_14-processed-gene-807.14-mRNA-1	1	1038	1058	8.0	UGAUUGAGCCGUGCCAAUAUC	GATATTGGCGCGGCTCAATCA	7.5e-05	34.8
tcc-miR171f	augustus_masked-HiC_scaffold_15-processed-gene-197.3-mRNA-1	1	870	890	8.0	UGAUUGAGCCGUGCCAAUAUC	GATATTGGCGCGGCTCAATCA	7.5e-05	34.8
tcc-miR171f	augustus_masked-HiC_scaffold_12-processed-gene-1094.34-mRNA-1	1	1071	1091	8.0	UGAUUGAGCCGUGCCAAUAUC	GATATTGGCGCGGCTCAATCA	7.5e-05	34.8
tcc-miR171f	augustus_masked-HiC_scaffold_14-processed-gene-806.18-mRNA-1	1	1044	1064	8.0	UGAUUGAGCCGUGCCAAUAUC	GATATTGGCGCGGCTCAATCA	7.5e-05	34.8
tcc-miR171f	augustus_masked-HiC_scaffold_1-processed-gene-1847.4-mRNA-1	1	1170	1190	8.0	UGAUUGAGCCGUGCCAAUAUC	GATATTGGCGCGGCTCAATCA	7.5e-05	34.8
tcc-miR171f	augustus_masked-HiC_scaffold_10-processed-gene-1877.13-mRNA-1	1	618	638	8.0	UGAUUGAGCCGUGCCAAUAUC	GATATTGGCGCGGCTCAACCA	0.00067	31.6
tcc-miR171g	augustus_masked-HiC_scaffold_1-processed-gene-1847.4-mRNA-1	1	1170	1190	8.0	UGAUUGAGCCGUGCCAAUAUC	GATATTGGCGCGGCTCAATCA	3.7e-05	35.8
tcc-miR171g	augustus_masked-HiC_scaffold_15-processed-gene-197.3-mRNA-1	1	870	890	8.0	UGAUUGAGCCGUGCCAAUAUC	GATATTGGCGCGGCTCAATCA	3.7e-05	35.8
tcc-miR171g	augustus_masked-HiC_scaffold_14-processed-gene-806.18-mRNA-1	1	1044	1064	8.0	UGAUUGAGCCGUGCCAAUAUC	GATATTGGCGCGGCTCAATCA	3.7e-05	35.8
tcc-miR171g	augustus_masked-HiC_scaffold_12-processed-gene-1094.34-mRNA-1	1	1071	1091	8.0	UGAUUGAGCCGUGCCAAUAUC	GATATTGGCGCGGCTCAATCA	3.7e-05	35.8
tcc-miR171g	augustus_masked-HiC_scaffold_14-processed-gene-807.14-mRNA-1	1	1038	1058	8.0	UGAUUGAGCCGUGCCAAUAUC	GATATTGGCGCGGCTCAATCA	3.7e-05	35.8
tcc-miR171g	augustus_masked-HiC_scaffold_10-processed-gene-1877.13-mRNA-1	1	618	638	8.0	UGAUUGAGCCGUGCCAAUAUC	GATATTGGCGCGGCTCAACCA	0.00036	32.5
gma-miR171e	augustus_masked-HiC_scaffold_1-processed-gene-1847.4-mRNA-1	1	1170	1190	8.0	UGAUUGAGCCGUGCCAAUAUC	GATATTGGCGCGGCTCAATCA	5.3e-05	35.3
gma-miR171e	augustus_masked-HiC_scaffold_14-processed-gene-806.18-mRNA-1	1	1044	1064	8.0	UGAUUGAGCCGUGCCAAUAUC	GATATTGGCGCGGCTCAATCA	5.3e-05	35.3
gma-miR171e	augustus_masked-HiC_scaffold_15-processed-gene-197.3-mRNA-1	1	870	890	8.0	UGAUUGAGCCGUGCCAAUAUC	GATATTGGCGCGGCTCAATCA	5.3e-05	35.3
gma-miR171e	augustus_masked-HiC_scaffold_12-processed-gene-1094.34-mRNA-1	1	1071	1091	8.0	UGAUUGAGCCGUGCCAAUAUC	GATATTGGCGCGGCTCAATCA	5.3e-05	35.3
gma-miR171e	augustus_masked-HiC_scaffold_14-processed-gene-807.14-mRNA-1	1	1038	1058	8.0	UGAUUGAGCCGUGCCAAUAUC	GATATTGGCGCGGCTCAATCA	5.3e-05	35.3
gma-miR171e	augustus_masked-HiC_scaffold_10-processed-gene-1877.13-mRNA-1	1	618	638	8.0	UGAUUGAGCCGUGCCAAUAUC	GATATTGGCGCGGCTCAACCA	0.0005	32.0
gma-miR171f	augustus_masked-HiC_scaffold_14-processed-gene-806.18-mRNA-1	1	1044	1064	8.0	UGAUUGAGCCGUGCCAAUAUC	GATATTGGCGCGGCTCAATCA	2.2e-05	36.5
gma-miR171f	augustus_masked-HiC_scaffold_15-processed-gene-197.3-mRNA-1	1	870	890	8.0	UGAUUGAGCCGUGCCAAUAUC	GATATTGGCGCGGCTCAATCA	2.2e-05	36.5
gma-miR171f	augustus_masked-HiC_scaffold_1-processed-gene-1847.4-mRNA-1	1	1170	1190	8.0	UGAUUGAGCCGUGCCAAUAUC	GATATTGGCGCGGCTCAATCA	2.2e-05	36.5
gma-miR171f	augustus_masked-HiC_scaffold_12-processed-gene-1094.34-mRNA-1	1	1071	1091	8.0	UGAUUGAGCCGUGCCAAUAUC	GATATTGGCGCGGCTCAATCA	2.2e-05	36.5
gma-miR171f	augustus_masked-HiC_scaffold_14-processed-gene-807.14-mRNA-1	1	1038	1058	8.0	UGAUUGAGCCGUGCCAAUAUC	GATATTGGCGCGGCTCAATCA	2.2e-05	36.5
gma-miR171f	augustus_masked-HiC_scaffold_10-processed-gene-1877.13-mRNA-1	1	618	638	8.0	UGAUUGAGCCGUGCCAAUAUC	GATATTGGCGCGGCTCAACCA	0.00024	33.1
gma-miR171g	augustus_masked-HiC_scaffold_12-processed-gene-1094.34-mRNA-1	1	1071	1091	8.0	UGAUUGAGCCGUGCCAAUAUC	GATATTGGCGCGGCTCAATCA	0.00012	34.1
gma-miR171g	augustus_masked-HiC_scaffold_14-processed-gene-807.14-mRNA-1	1	1038	1058	8.0	UGAUUGAGCCGUGCCAAUAUC	GATATTGGCGCGGCTCAATCA	0.00012	34.1
gma-miR171g	augustus_masked-HiC_scaffold_1-processed-gene-1847.4-mRNA-1	1	1170	1190	8.0	UGAUUGAGCCGUGCCAAUAUC	GATATTGGCGCGGCTCAATCA	0.00012	34.1
gma-miR171g	augustus_masked-HiC_scaffold_14-processed-gene-806.18-mRNA-1	1	1044	1064	8.0	UGAUUGAGCCGUGCCAAUAUC	GATATTGGCGCGGCTCAATCA	0.00012	34.1
gma-miR171g	augustus_masked-HiC_scaffold_15-processed-gene-197.3-mRNA-1	1	870	890	8.0	UGAUUGAGCCGUGCCAAUAUC	GATATTGGCGCGGCTCAATCA	0.00012	34.1
gma-miR171g	augustus_masked-HiC_scaffold_10-processed-gene-1877.13-mRNA-1	1	618	638	8.0	UGAUUGAGCCGUGCCAAUAUC	GATATTGGCGCGGCTCAACCA	0.001	31.0
gma-miR171i-3p	augustus_masked-HiC_scaffold_10-processed-gene-1877.13-mRNA-1	1	615	635	8.0	UUGAGCCGUGCCAAUAUCACG	CGTGATATTGGCGCGGCTCAA	5.7e-05	35.2
gma-miR171k-3p	augustus_masked-HiC_scaffold_10-processed-gene-1877.13-mRNA-1	1	615	635	8.0	UUGAGCCGCGCCAAUAUCACU	CGTGATATTGGCGCGGCTCAA	1.7e-05	36.9
gma-miR171k-3p	augustus_masked-HiC_scaffold_14-processed-gene-806.18-mRNA-1	1	1041	1061	7.0	UUGAGCCGCGCCAAUAUCACU	AGGGATATTGGCGCGGCTCAA	4.7e-05	35.4
gma-miR171k-3p	augustus_masked-HiC_scaffold_14-processed-gene-807.14-mRNA-1	1	1035	1055	7.0	UUGAGCCGCGCCAAUAUCACU	AGGGATATTGGCGCGGCTCAA	4.7e-05	35.4
gma-miR171k-3p	augustus_masked-HiC_scaffold_15-processed-gene-197.3-mRNA-1	1	867	887	7.0	UUGAGCCGCGCCAAUAUCACU	AGAGATATTGGCGCGGCTCAA	4.7e-05	35.4
gma-miR171k-3p	augustus_masked-HiC_scaffold_12-processed-gene-1094.34-mRNA-1	1	1068	1088	7.0	UUGAGCCGCGCCAAUAUCACU	AGAGATATTGGCGCGGCTCAA	4.7e-05	35.4
gma-miR171k-3p	augustus_masked-HiC_scaffold_1-processed-gene-1847.4-mRNA-1	1	1167	1187	8.0	UUGAGCCGCGCCAAUAUCACU	ATCGATATTGGCGCGGCTCAA	0.00021	33.3
gma-miR171m	augustus_masked-HiC_scaffold_15-processed-gene-197.3-mRNA-1	1	867	887	8.0	UUGAGCCGCGUCAAUAUCUCA	AGAGATATTGGCGCGGCTCAA	0.00014	33.9
gma-miR171m	augustus_masked-HiC_scaffold_12-processed-gene-1094.34-mRNA-1	1	1068	1088	8.0	UUGAGCCGCGUCAAUAUCUCA	AGAGATATTGGCGCGGCTCAA	0.00014	33.9
gma-miR171t	augustus_masked-HiC_scaffold_15-processed-gene-197.3-mRNA-1	1	867	887	8.0	UUGAGCCGCGUCAAUAUCUCA	AGAGATATTGGCGCGGCTCAA	4.8e-05	35.4
gma-miR171t	augustus_masked-HiC_scaffold_12-processed-gene-1094.34-mRNA-1	1	1068	1088	8.0	UUGAGCCGCGUCAAUAUCUCA	AGAGATATTGGCGCGGCTCAA	4.8e-05	35.4
mes-miR171a	augustus_masked-HiC_scaffold_15-processed-gene-197.3-mRNA-1	1	867	887	8.0	UUGAGCCGCGUCAAUAUCUCC	AGAGATATTGGCGCGGCTCAA	0.00025	33.0
mes-miR171a	augustus_masked-HiC_scaffold_12-processed-gene-1094.34-mRNA-1	1	1068	1088	8.0	UUGAGCCGCGUCAAUAUCUCC	AGAGATATTGGCGCGGCTCAA	0.00025	33.0
lus-miR171f	augustus_masked-HiC_scaffold_1-processed-gene-1847.4-mRNA-1	1	1170	1190	8.0	AGAUUGAGCCGCGCCAAUAUC	GATATTGGCGCGGCTCAATCA	3e-05	36.1
lus-miR171f	augustus_masked-HiC_scaffold_14-processed-gene-806.18-mRNA-1	1	1044	1064	8.0	AGAUUGAGCCGCGCCAAUAUC	GATATTGGCGCGGCTCAATCA	3e-05	36.1
lus-miR171f	augustus_masked-HiC_scaffold_14-processed-gene-807.14-mRNA-1	1	1038	1058	8.0	AGAUUGAGCCGCGCCAAUAUC	GATATTGGCGCGGCTCAATCA	3e-05	36.1
lus-miR171f	augustus_masked-HiC_scaffold_15-processed-gene-197.3-mRNA-1	1	870	890	8.0	AGAUUGAGCCGCGCCAAUAUC	GATATTGGCGCGGCTCAATCA	3e-05	36.1
lus-miR171f	augustus_masked-HiC_scaffold_12-processed-gene-1094.34-mRNA-1	1	1071	1091	8.0	AGAUUGAGCCGCGCCAAUAUC	GATATTGGCGCGGCTCAATCA	3e-05	36.1
lus-miR171f	augustus_masked-HiC_scaffold_10-processed-gene-1877.13-mRNA-1	1	618	638	8.0	AGAUUGAGCCGCGCCAAUAUC	GATATTGGCGCGGCTCAACCA	0.00027	32.9
lus-miR171i	augustus_masked-HiC_scaffold_10-processed-gene-1877.13-mRNA-1	1	615	635	8.0	UUGAGCCGUGCCAAUAUCACG	CGTGATATTGGCGCGGCTCAA	4.2e-05	35.6
nta-miR171b	augustus_masked-HiC_scaffold_10-processed-gene-1877.13-mRNA-1	1	615	635	8.0	UUGAGCCGCGCCAAUAUCACU	CGTGATATTGGCGCGGCTCAA	1.8e-05	36.8
nta-miR171b	augustus_masked-HiC_scaffold_12-processed-gene-1094.34-mRNA-1	1	1068	1088	7.0	UUGAGCCGCGCCAAUAUCACU	AGAGATATTGGCGCGGCTCAA	5e-05	35.4
nta-miR171b	augustus_masked-HiC_scaffold_14-processed-gene-807.14-mRNA-1	1	1035	1055	7.0	UUGAGCCGCGCCAAUAUCACU	AGGGATATTGGCGCGGCTCAA	5e-05	35.4
nta-miR171b	augustus_masked-HiC_scaffold_15-processed-gene-197.3-mRNA-1	1	867	887	7.0	UUGAGCCGCGCCAAUAUCACU	AGAGATATTGGCGCGGCTCAA	5e-05	35.4
nta-miR171b	augustus_masked-HiC_scaffold_14-processed-gene-806.18-mRNA-1	1	1041	1061	7.0	UUGAGCCGCGCCAAUAUCACU	AGGGATATTGGCGCGGCTCAA	5e-05	35.4
nta-miR171b	augustus_masked-HiC_scaffold_1-processed-gene-1847.4-mRNA-1	1	1167	1187	8.0	UUGAGCCGCGCCAAUAUCACU	ATCGATATTGGCGCGGCTCAA	0.00022	33.2
ppe-miR171a	augustus_masked-HiC_scaffold_14-processed-gene-807.14-mRNA-1	1	1038	1058	8.0	UGAUUGAGCCGUGCCAAUAUC	GATATTGGCGCGGCTCAATCA	9.9e-05	34.4
ppe-miR171a	augustus_masked-HiC_scaffold_12-processed-gene-1094.34-mRNA-1	1	1071	1091	8.0	UGAUUGAGCCGUGCCAAUAUC	GATATTGGCGCGGCTCAATCA	9.9e-05	34.4
ppe-miR171a	augustus_masked-HiC_scaffold_1-processed-gene-1847.4-mRNA-1	1	1170	1190	8.0	UGAUUGAGCCGUGCCAAUAUC	GATATTGGCGCGGCTCAATCA	9.9e-05	34.4
ppe-miR171a	augustus_masked-HiC_scaffold_14-processed-gene-806.18-mRNA-1	1	1044	1064	8.0	UGAUUGAGCCGUGCCAAUAUC	GATATTGGCGCGGCTCAATCA	9.9e-05	34.4
ppe-miR171a	augustus_masked-HiC_scaffold_15-processed-gene-197.3-mRNA-1	1	870	890	8.0	UGAUUGAGCCGUGCCAAUAUC	GATATTGGCGCGGCTCAATCA	9.9e-05	34.4
ppe-miR171a	augustus_masked-HiC_scaffold_10-processed-gene-1877.13-mRNA-1	1	618	638	8.0	UGAUUGAGCCGUGCCAAUAUC	GATATTGGCGCGGCTCAACCA	0.00084	31.3
ppe-miR171g	augustus_masked-HiC_scaffold_14-processed-gene-806.18-mRNA-1	1	1044	1064	8.0	UGAUUGAGCCGUGCCAAUAUC	GATATTGGCGCGGCTCAATCA	2.2e-05	36.5
ppe-miR171g	augustus_masked-HiC_scaffold_1-processed-gene-1847.4-mRNA-1	1	1170	1190	8.0	UGAUUGAGCCGUGCCAAUAUC	GATATTGGCGCGGCTCAATCA	2.2e-05	36.5
ppe-miR171g	augustus_masked-HiC_scaffold_15-processed-gene-197.3-mRNA-1	1	870	890	8.0	UGAUUGAGCCGUGCCAAUAUC	GATATTGGCGCGGCTCAATCA	2.2e-05	36.5
ppe-miR171g	augustus_masked-HiC_scaffold_12-processed-gene-1094.34-mRNA-1	1	1071	1091	8.0	UGAUUGAGCCGUGCCAAUAUC	GATATTGGCGCGGCTCAATCA	2.2e-05	36.5
ppe-miR171g	augustus_masked-HiC_scaffold_14-processed-gene-807.14-mRNA-1	1	1038	1058	8.0	UGAUUGAGCCGUGCCAAUAUC	GATATTGGCGCGGCTCAATCA	2.2e-05	36.5
ppe-miR171g	augustus_masked-HiC_scaffold_10-processed-gene-1877.13-mRNA-1	1	618	638	8.0	UGAUUGAGCCGUGCCAAUAUC	GATATTGGCGCGGCTCAACCA	0.00024	33.1
ppe-miR171b	augustus_masked-HiC_scaffold_10-processed-gene-1877.13-mRNA-1	1	615	635	8.0	UUGAGCCGCGCCAAUAUCACU	CGTGATATTGGCGCGGCTCAA	2.1e-05	36.6
ppe-miR171b	augustus_masked-HiC_scaffold_14-processed-gene-807.14-mRNA-1	1	1035	1055	7.0	UUGAGCCGCGCCAAUAUCACU	AGGGATATTGGCGCGGCTCAA	5.7e-05	35.1
ppe-miR171b	augustus_masked-HiC_scaffold_15-processed-gene-197.3-mRNA-1	1	867	887	7.0	UUGAGCCGCGCCAAUAUCACU	AGAGATATTGGCGCGGCTCAA	5.7e-05	35.1
ppe-miR171b	augustus_masked-HiC_scaffold_14-processed-gene-806.18-mRNA-1	1	1041	1061	7.0	UUGAGCCGCGCCAAUAUCACU	AGGGATATTGGCGCGGCTCAA	5.7e-05	35.1
ppe-miR171b	augustus_masked-HiC_scaffold_12-processed-gene-1094.34-mRNA-1	1	1068	1088	7.0	UUGAGCCGCGCCAAUAUCACU	AGAGATATTGGCGCGGCTCAA	5.7e-05	35.1
ppe-miR171b	augustus_masked-HiC_scaffold_1-processed-gene-1847.4-mRNA-1	1	1167	1187	8.0	UUGAGCCGCGCCAAUAUCACU	ATCGATATTGGCGCGGCTCAA	0.00025	33.0
ppe-miR171c	augustus_masked-HiC_scaffold_14-processed-gene-807.14-mRNA-1	1	1038	1058	8.0	UGAUUGAGCCGUGCCAAUAUC	GATATTGGCGCGGCTCAATCA	6.1e-05	35.1
ppe-miR171c	augustus_masked-HiC_scaffold_15-processed-gene-197.3-mRNA-1	1	870	890	8.0	UGAUUGAGCCGUGCCAAUAUC	GATATTGGCGCGGCTCAATCA	6.1e-05	35.1
ppe-miR171c	augustus_masked-HiC_scaffold_12-processed-gene-1094.34-mRNA-1	1	1071	1091	8.0	UGAUUGAGCCGUGCCAAUAUC	GATATTGGCGCGGCTCAATCA	6.1e-05	35.1
ppe-miR171c	augustus_masked-HiC_scaffold_14-processed-gene-806.18-mRNA-1	1	1044	1064	8.0	UGAUUGAGCCGUGCCAAUAUC	GATATTGGCGCGGCTCAATCA	6.1e-05	35.1
ppe-miR171c	augustus_masked-HiC_scaffold_1-processed-gene-1847.4-mRNA-1	1	1170	1190	8.0	UGAUUGAGCCGUGCCAAUAUC	GATATTGGCGCGGCTCAATCA	6.1e-05	35.1
ppe-miR171c	augustus_masked-HiC_scaffold_10-processed-gene-1877.13-mRNA-1	1	618	638	8.0	UGAUUGAGCCGUGCCAAUAUC	GATATTGGCGCGGCTCAACCA	0.00056	31.9
mdm-miR171f-3p	augustus_masked-HiC_scaffold_10-processed-gene-1877.13-mRNA-1	1	615	635	8.0	UUGAGCCGUGCCAAUAUCACG	CGTGATATTGGCGCGGCTCAA	4e-05	35.7
mdm-miR171g	augustus_masked-HiC_scaffold_15-processed-gene-197.3-mRNA-1	1	870	890	8.0	UGAUUGAGCCGUGCCAAUAUC	GATATTGGCGCGGCTCAATCA	7.2e-05	34.8
mdm-miR171g	augustus_masked-HiC_scaffold_12-processed-gene-1094.34-mRNA-1	1	1071	1091	8.0	UGAUUGAGCCGUGCCAAUAUC	GATATTGGCGCGGCTCAATCA	7.2e-05	34.8
mdm-miR171g	augustus_masked-HiC_scaffold_14-processed-gene-807.14-mRNA-1	1	1038	1058	8.0	UGAUUGAGCCGUGCCAAUAUC	GATATTGGCGCGGCTCAATCA	7.2e-05	34.8
mdm-miR171g	augustus_masked-HiC_scaffold_1-processed-gene-1847.4-mRNA-1	1	1170	1190	8.0	UGAUUGAGCCGUGCCAAUAUC	GATATTGGCGCGGCTCAATCA	7.2e-05	34.8
mdm-miR171g	augustus_masked-HiC_scaffold_14-processed-gene-806.18-mRNA-1	1	1044	1064	8.0	UGAUUGAGCCGUGCCAAUAUC	GATATTGGCGCGGCTCAATCA	7.2e-05	34.8
mdm-miR171g	augustus_masked-HiC_scaffold_10-processed-gene-1877.13-mRNA-1	1	618	638	8.0	UGAUUGAGCCGUGCCAAUAUC	GATATTGGCGCGGCTCAACCA	0.00065	31.6
mdm-miR171h	augustus_masked-HiC_scaffold_14-processed-gene-807.14-mRNA-1	1	1038	1058	8.0	UGAUUGAGCCGUGCCAAUAUC	GATATTGGCGCGGCTCAATCA	4.8e-05	35.4
mdm-miR171h	augustus_masked-HiC_scaffold_1-processed-gene-1847.4-mRNA-1	1	1170	1190	8.0	UGAUUGAGCCGUGCCAAUAUC	GATATTGGCGCGGCTCAATCA	4.8e-05	35.4
mdm-miR171h	augustus_masked-HiC_scaffold_15-processed-gene-197.3-mRNA-1	1	870	890	8.0	UGAUUGAGCCGUGCCAAUAUC	GATATTGGCGCGGCTCAATCA	4.8e-05	35.4
mdm-miR171h	augustus_masked-HiC_scaffold_14-processed-gene-806.18-mRNA-1	1	1044	1064	8.0	UGAUUGAGCCGUGCCAAUAUC	GATATTGGCGCGGCTCAATCA	4.8e-05	35.4
mdm-miR171h	augustus_masked-HiC_scaffold_12-processed-gene-1094.34-mRNA-1	1	1071	1091	8.0	UGAUUGAGCCGUGCCAAUAUC	GATATTGGCGCGGCTCAATCA	4.8e-05	35.4
mdm-miR171h	augustus_masked-HiC_scaffold_10-processed-gene-1877.13-mRNA-1	1	618	638	8.0	UGAUUGAGCCGUGCCAAUAUC	GATATTGGCGCGGCTCAACCA	0.00046	32.1
mdm-miR171j	augustus_masked-HiC_scaffold_10-processed-gene-1877.13-mRNA-1	1	615	635	8.0	UUGAGCCGCGCCAAUAUCACU	CGTGATATTGGCGCGGCTCAA	1.7e-05	36.9
mdm-miR171j	augustus_masked-HiC_scaffold_12-processed-gene-1094.34-mRNA-1	1	1068	1088	7.0	UUGAGCCGCGCCAAUAUCACU	AGAGATATTGGCGCGGCTCAA	4.6e-05	35.5
mdm-miR171j	augustus_masked-HiC_scaffold_14-processed-gene-807.14-mRNA-1	1	1035	1055	7.0	UUGAGCCGCGCCAAUAUCACU	AGGGATATTGGCGCGGCTCAA	4.6e-05	35.5
mdm-miR171j	augustus_masked-HiC_scaffold_14-processed-gene-806.18-mRNA-1	1	1041	1061	7.0	UUGAGCCGCGCCAAUAUCACU	AGGGATATTGGCGCGGCTCAA	4.6e-05	35.5
mdm-miR171j	augustus_masked-HiC_scaffold_15-processed-gene-197.3-mRNA-1	1	867	887	7.0	UUGAGCCGCGCCAAUAUCACU	AGAGATATTGGCGCGGCTCAA	4.6e-05	35.5
mdm-miR171j	augustus_masked-HiC_scaffold_1-processed-gene-1847.4-mRNA-1	1	1167	1187	8.0	UUGAGCCGCGCCAAUAUCACU	ATCGATATTGGCGCGGCTCAA	0.00021	33.3
mdm-miR171k	augustus_masked-HiC_scaffold_10-processed-gene-1877.13-mRNA-1	1	615	635	8.0	UUGAGCCGCGCCAAUAUCACU	CGTGATATTGGCGCGGCTCAA	5.1e-05	35.3
mdm-miR171k	augustus_masked-HiC_scaffold_14-processed-gene-806.18-mRNA-1	1	1041	1061	7.0	UUGAGCCGCGCCAAUAUCACU	AGGGATATTGGCGCGGCTCAA	0.00013	34.0
mdm-miR171k	augustus_masked-HiC_scaffold_12-processed-gene-1094.34-mRNA-1	1	1068	1088	7.0	UUGAGCCGCGCCAAUAUCACU	AGAGATATTGGCGCGGCTCAA	0.00013	34.0
mdm-miR171k	augustus_masked-HiC_scaffold_15-processed-gene-197.3-mRNA-1	1	867	887	7.0	UUGAGCCGCGCCAAUAUCACU	AGAGATATTGGCGCGGCTCAA	0.00013	34.0
mdm-miR171k	augustus_masked-HiC_scaffold_14-processed-gene-807.14-mRNA-1	1	1035	1055	7.0	UUGAGCCGCGCCAAUAUCACU	AGGGATATTGGCGCGGCTCAA	0.00013	34.0
mdm-miR171k	augustus_masked-HiC_scaffold_1-processed-gene-1847.4-mRNA-1	1	1167	1187	8.0	UUGAGCCGCGCCAAUAUCACU	ATCGATATTGGCGCGGCTCAA	0.00053	31.9
mdm-miR171l	augustus_masked-HiC_scaffold_10-processed-gene-1877.13-mRNA-1	1	615	635	8.0	UUGAGCCGCGCCAAUAUCACU	CGTGATATTGGCGCGGCTCAA	3.7e-05	35.8
mdm-miR171l	augustus_masked-HiC_scaffold_14-processed-gene-807.14-mRNA-1	1	1035	1055	7.0	UUGAGCCGCGCCAAUAUCACU	AGGGATATTGGCGCGGCTCAA	9.7e-05	34.4
mdm-miR171l	augustus_masked-HiC_scaffold_15-processed-gene-197.3-mRNA-1	1	867	887	7.0	UUGAGCCGCGCCAAUAUCACU	AGAGATATTGGCGCGGCTCAA	9.7e-05	34.4
mdm-miR171l	augustus_masked-HiC_scaffold_14-processed-gene-806.18-mRNA-1	1	1041	1061	7.0	UUGAGCCGCGCCAAUAUCACU	AGGGATATTGGCGCGGCTCAA	9.7e-05	34.4
mdm-miR171l	augustus_masked-HiC_scaffold_12-processed-gene-1094.34-mRNA-1	1	1068	1088	7.0	UUGAGCCGCGCCAAUAUCACU	AGAGATATTGGCGCGGCTCAA	9.7e-05	34.4
mdm-miR171l	augustus_masked-HiC_scaffold_1-processed-gene-1847.4-mRNA-1	1	1167	1187	8.0	UUGAGCCGCGCCAAUAUCACU	ATCGATATTGGCGCGGCTCAA	0.00041	32.3
cme-miR171a	augustus_masked-HiC_scaffold_15-processed-gene-197.3-mRNA-1	1	870	890	7.0	UGAUUGAGCCGCGCCAAUAUC	GATATTGGCGCGGCTCAATCA	5.7e-06	38.5
cme-miR171a	augustus_masked-HiC_scaffold_12-processed-gene-1094.34-mRNA-1	1	1071	1091	7.0	UGAUUGAGCCGCGCCAAUAUC	GATATTGGCGCGGCTCAATCA	5.7e-06	38.5
cme-miR171a	augustus_masked-HiC_scaffold_1-processed-gene-1847.4-mRNA-1	1	1170	1190	7.0	UGAUUGAGCCGCGCCAAUAUC	GATATTGGCGCGGCTCAATCA	5.7e-06	38.5
cme-miR171a	augustus_masked-HiC_scaffold_14-processed-gene-806.18-mRNA-1	1	1044	1064	7.0	UGAUUGAGCCGCGCCAAUAUC	GATATTGGCGCGGCTCAATCA	5.7e-06	38.5
cme-miR171a	augustus_masked-HiC_scaffold_14-processed-gene-807.14-mRNA-1	1	1038	1058	7.0	UGAUUGAGCCGCGCCAAUAUC	GATATTGGCGCGGCTCAATCA	5.7e-06	38.5
cme-miR171a	augustus_masked-HiC_scaffold_7-processed-gene-1376.33-mRNA-1	1	555	575	8.0	UGAUUGAGCCGCGCCAAUAUC	GATTTTGGCGCGGCTCAATCA	5.4e-05	35.2
cme-miR171a	augustus_masked-HiC_scaffold_10-processed-gene-1877.13-mRNA-1	1	618	638	7.0	UGAUUGAGCCGCGCCAAUAUC	GATATTGGCGCGGCTCAACCA	5.4e-05	35.2
cme-miR171d	augustus_masked-HiC_scaffold_10-processed-gene-1877.13-mRNA-1	1	615	635	8.0	UUGAGCCGUGCCAAUAUCACG	CGTGATATTGGCGCGGCTCAA	3.9e-05	35.7
cme-miR171b	augustus_masked-HiC_scaffold_10-processed-gene-1877.13-mRNA-1	1	615	635	8.0	UUGAGCCGUGCCAAUAUCACG	CGTGATATTGGCGCGGCTCAA	7e-05	34.9
cme-miR171c	augustus_masked-HiC_scaffold_14-processed-gene-806.18-mRNA-1	1	1044	1064	8.0	UGAUUGAGCCGUGCCAAUAUC	GATATTGGCGCGGCTCAATCA	3.7e-05	35.8
cme-miR171c	augustus_masked-HiC_scaffold_1-processed-gene-1847.4-mRNA-1	1	1170	1190	8.0	UGAUUGAGCCGUGCCAAUAUC	GATATTGGCGCGGCTCAATCA	3.7e-05	35.8
cme-miR171c	augustus_masked-HiC_scaffold_14-processed-gene-807.14-mRNA-1	1	1038	1058	8.0	UGAUUGAGCCGUGCCAAUAUC	GATATTGGCGCGGCTCAATCA	3.7e-05	35.8
cme-miR171c	augustus_masked-HiC_scaffold_15-processed-gene-197.3-mRNA-1	1	870	890	8.0	UGAUUGAGCCGUGCCAAUAUC	GATATTGGCGCGGCTCAATCA	3.7e-05	35.8
cme-miR171c	augustus_masked-HiC_scaffold_12-processed-gene-1094.34-mRNA-1	1	1071	1091	8.0	UGAUUGAGCCGUGCCAAUAUC	GATATTGGCGCGGCTCAATCA	3.7e-05	35.8
cme-miR171c	augustus_masked-HiC_scaffold_10-processed-gene-1877.13-mRNA-1	1	618	638	8.0	UGAUUGAGCCGUGCCAAUAUC	GATATTGGCGCGGCTCAACCA	0.00037	32.5
mes-miR171b	augustus_masked-HiC_scaffold_10-processed-gene-1877.13-mRNA-1	1	615	635	8.0	UUGAGCCGUGCCAAUAUCACG	CGTGATATTGGCGCGGCTCAA	4.6e-05	35.5
mes-miR171c	augustus_masked-HiC_scaffold_10-processed-gene-1877.13-mRNA-1	1	615	635	8.0	UUGAGCCGUGCCAAUAUCACG	CGTGATATTGGCGCGGCTCAA	5.6e-05	35.2
mes-miR171e	augustus_masked-HiC_scaffold_10-processed-gene-1877.13-mRNA-1	1	615	635	8.0	UUGAGCCGCGCCAAUAUCACU	CGTGATATTGGCGCGGCTCAA	8.8e-06	37.9
mes-miR171e	augustus_masked-HiC_scaffold_15-processed-gene-197.3-mRNA-1	1	867	887	7.0	UUGAGCCGCGCCAAUAUCACU	AGAGATATTGGCGCGGCTCAA	2.5e-05	36.3
mes-miR171e	augustus_masked-HiC_scaffold_12-processed-gene-1094.34-mRNA-1	1	1068	1088	7.0	UUGAGCCGCGCCAAUAUCACU	AGAGATATTGGCGCGGCTCAA	2.5e-05	36.3
mes-miR171e	augustus_masked-HiC_scaffold_14-processed-gene-806.18-mRNA-1	1	1041	1061	7.0	UUGAGCCGCGCCAAUAUCACU	AGGGATATTGGCGCGGCTCAA	2.5e-05	36.3
mes-miR171e	augustus_masked-HiC_scaffold_14-processed-gene-807.14-mRNA-1	1	1035	1055	7.0	UUGAGCCGCGCCAAUAUCACU	AGGGATATTGGCGCGGCTCAA	2.5e-05	36.3
mes-miR171e	augustus_masked-HiC_scaffold_1-processed-gene-1847.4-mRNA-1	1	1167	1187	8.0	UUGAGCCGCGCCAAUAUCACU	ATCGATATTGGCGCGGCTCAA	0.00012	34.1
mes-miR171f	augustus_masked-HiC_scaffold_14-processed-gene-806.18-mRNA-1	1	1044	1064	8.0	AGAUUGAGCCGCGCCAAUAUC	GATATTGGCGCGGCTCAATCA	1.1e-05	37.6
mes-miR171f	augustus_masked-HiC_scaffold_15-processed-gene-197.3-mRNA-1	1	870	890	8.0	AGAUUGAGCCGCGCCAAUAUC	GATATTGGCGCGGCTCAATCA	1.1e-05	37.6
mes-miR171f	augustus_masked-HiC_scaffold_1-processed-gene-1847.4-mRNA-1	1	1170	1190	8.0	AGAUUGAGCCGCGCCAAUAUC	GATATTGGCGCGGCTCAATCA	1.1e-05	37.6
mes-miR171f	augustus_masked-HiC_scaffold_12-processed-gene-1094.34-mRNA-1	1	1071	1091	8.0	AGAUUGAGCCGCGCCAAUAUC	GATATTGGCGCGGCTCAATCA	1.1e-05	37.6
mes-miR171f	augustus_masked-HiC_scaffold_14-processed-gene-807.14-mRNA-1	1	1038	1058	8.0	AGAUUGAGCCGCGCCAAUAUC	GATATTGGCGCGGCTCAATCA	1.1e-05	37.6
mes-miR171f	augustus_masked-HiC_scaffold_10-processed-gene-1877.13-mRNA-1	1	618	638	8.0	AGAUUGAGCCGCGCCAAUAUC	GATATTGGCGCGGCTCAACCA	0.00011	34.2
mes-miR171g	augustus_masked-HiC_scaffold_1-processed-gene-1847.4-mRNA-1	1	1170	1190	8.0	UGAUUGAGCCGUGCCAAUAUC	GATATTGGCGCGGCTCAATCA	0.00013	34.0
mes-miR171g	augustus_masked-HiC_scaffold_15-processed-gene-197.3-mRNA-1	1	870	890	8.0	UGAUUGAGCCGUGCCAAUAUC	GATATTGGCGCGGCTCAATCA	0.00013	34.0
mes-miR171g	augustus_masked-HiC_scaffold_14-processed-gene-806.18-mRNA-1	1	1044	1064	8.0	UGAUUGAGCCGUGCCAAUAUC	GATATTGGCGCGGCTCAATCA	0.00013	34.0
mes-miR171g	augustus_masked-HiC_scaffold_12-processed-gene-1094.34-mRNA-1	1	1071	1091	8.0	UGAUUGAGCCGUGCCAAUAUC	GATATTGGCGCGGCTCAATCA	0.00013	34.0
mes-miR171g	augustus_masked-HiC_scaffold_14-processed-gene-807.14-mRNA-1	1	1038	1058	8.0	UGAUUGAGCCGUGCCAAUAUC	GATATTGGCGCGGCTCAATCA	0.00013	34.0
mes-miR171g	augustus_masked-HiC_scaffold_10-processed-gene-1877.13-mRNA-1	1	618	638	8.0	UGAUUGAGCCGUGCCAAUAUC	GATATTGGCGCGGCTCAACCA	0.0011	31.0
mes-miR171k	augustus_masked-HiC_scaffold_15-processed-gene-197.3-mRNA-1	1	870	890	8.0	UGAUUGAGCCGUGCCAAUAUC	GATATTGGCGCGGCTCAATCA	4.4e-05	35.5
mes-miR171k	augustus_masked-HiC_scaffold_12-processed-gene-1094.34-mRNA-1	1	1071	1091	8.0	UGAUUGAGCCGUGCCAAUAUC	GATATTGGCGCGGCTCAATCA	4.4e-05	35.5
mes-miR171k	augustus_masked-HiC_scaffold_14-processed-gene-807.14-mRNA-1	1	1038	1058	8.0	UGAUUGAGCCGUGCCAAUAUC	GATATTGGCGCGGCTCAATCA	4.4e-05	35.5
mes-miR171k	augustus_masked-HiC_scaffold_1-processed-gene-1847.4-mRNA-1	1	1170	1190	8.0	UGAUUGAGCCGUGCCAAUAUC	GATATTGGCGCGGCTCAATCA	4.4e-05	35.5
mes-miR171k	augustus_masked-HiC_scaffold_14-processed-gene-806.18-mRNA-1	1	1044	1064	8.0	UGAUUGAGCCGUGCCAAUAUC	GATATTGGCGCGGCTCAATCA	4.4e-05	35.5
mes-miR171k	augustus_masked-HiC_scaffold_10-processed-gene-1877.13-mRNA-1	1	618	638	8.0	UGAUUGAGCCGUGCCAAUAUC	GATATTGGCGCGGCTCAACCA	0.00042	32.3
stu-miR171b-3p	augustus_masked-HiC_scaffold_15-processed-gene-197.3-mRNA-1	1	867	887	7.0	UUGAGCCGCGUCAAUAUCUCU	AGAGATATTGGCGCGGCTCAA	2.9e-05	36.1
stu-miR171b-3p	augustus_masked-HiC_scaffold_12-processed-gene-1094.34-mRNA-1	1	1068	1088	7.0	UUGAGCCGCGUCAAUAUCUCU	AGAGATATTGGCGCGGCTCAA	2.9e-05	36.1
stu-miR171b-3p	augustus_masked-HiC_scaffold_14-processed-gene-807.14-mRNA-1	1	1035	1055	7.5	UUGAGCCGCGUCAAUAUCUCU	AGGGATATTGGCGCGGCTCAA	0.0003	32.8
stu-miR171b-3p	augustus_masked-HiC_scaffold_14-processed-gene-806.18-mRNA-1	1	1041	1061	7.5	UUGAGCCGCGUCAAUAUCUCU	AGGGATATTGGCGCGGCTCAA	0.0003	32.8
stu-miR171d-3p	augustus_masked-HiC_scaffold_10-processed-gene-1877.13-mRNA-1	1	615	635	8.0	UUGAGCCGUGCCAAUAUCACG	CGTGATATTGGCGCGGCTCAA	2e-05	36.7
stu-miR171e	augustus_masked-HiC_scaffold_1-processed-gene-1847.4-mRNA-1	1	1170	1190	8.0	UGAUUGAGCCGUGCCAAUAUC	GATATTGGCGCGGCTCAATCA	2.3e-05	36.4
stu-miR171e	augustus_masked-HiC_scaffold_15-processed-gene-197.3-mRNA-1	1	870	890	8.0	UGAUUGAGCCGUGCCAAUAUC	GATATTGGCGCGGCTCAATCA	2.3e-05	36.4
stu-miR171e	augustus_masked-HiC_scaffold_14-processed-gene-807.14-mRNA-1	1	1038	1058	8.0	UGAUUGAGCCGUGCCAAUAUC	GATATTGGCGCGGCTCAATCA	2.3e-05	36.4
stu-miR171e	augustus_masked-HiC_scaffold_14-processed-gene-806.18-mRNA-1	1	1044	1064	8.0	UGAUUGAGCCGUGCCAAUAUC	GATATTGGCGCGGCTCAATCA	2.3e-05	36.4
stu-miR171e	augustus_masked-HiC_scaffold_12-processed-gene-1094.34-mRNA-1	1	1071	1091	8.0	UGAUUGAGCCGUGCCAAUAUC	GATATTGGCGCGGCTCAATCA	2.3e-05	36.4
stu-miR171e	augustus_masked-HiC_scaffold_10-processed-gene-1877.13-mRNA-1	1	618	638	8.0	UGAUUGAGCCGUGCCAAUAUC	GATATTGGCGCGGCTCAACCA	0.00025	33.0
cpa-miR171a	augustus_masked-HiC_scaffold_14-processed-gene-806.18-mRNA-1	1	1044	1064	8.0	UGAUUGAGCCGUGCCAAUAUC	GATATTGGCGCGGCTCAATCA	6.1e-05	35.0
cpa-miR171a	augustus_masked-HiC_scaffold_12-processed-gene-1094.34-mRNA-1	1	1071	1091	8.0	UGAUUGAGCCGUGCCAAUAUC	GATATTGGCGCGGCTCAATCA	6.1e-05	35.0
cpa-miR171a	augustus_masked-HiC_scaffold_14-processed-gene-807.14-mRNA-1	1	1038	1058	8.0	UGAUUGAGCCGUGCCAAUAUC	GATATTGGCGCGGCTCAATCA	6.1e-05	35.0
cpa-miR171a	augustus_masked-HiC_scaffold_1-processed-gene-1847.4-mRNA-1	1	1170	1190	8.0	UGAUUGAGCCGUGCCAAUAUC	GATATTGGCGCGGCTCAATCA	6.1e-05	35.0
cpa-miR171a	augustus_masked-HiC_scaffold_15-processed-gene-197.3-mRNA-1	1	870	890	8.0	UGAUUGAGCCGUGCCAAUAUC	GATATTGGCGCGGCTCAATCA	6.1e-05	35.0
cpa-miR171a	augustus_masked-HiC_scaffold_10-processed-gene-1877.13-mRNA-1	1	618	638	8.0	UGAUUGAGCCGUGCCAAUAUC	GATATTGGCGCGGCTCAACCA	0.00056	31.9
cpa-miR171b	augustus_masked-HiC_scaffold_1-processed-gene-1847.4-mRNA-1	1	1170	1190	8.0	UGAUUGAGCCGUGCCAAUAUC	GATATTGGCGCGGCTCAATCA	3.8e-05	35.7
cpa-miR171b	augustus_masked-HiC_scaffold_15-processed-gene-197.3-mRNA-1	1	870	890	8.0	UGAUUGAGCCGUGCCAAUAUC	GATATTGGCGCGGCTCAATCA	3.8e-05	35.7
cpa-miR171b	augustus_masked-HiC_scaffold_14-processed-gene-806.18-mRNA-1	1	1044	1064	8.0	UGAUUGAGCCGUGCCAAUAUC	GATATTGGCGCGGCTCAATCA	3.8e-05	35.7
cpa-miR171b	augustus_masked-HiC_scaffold_12-processed-gene-1094.34-mRNA-1	1	1071	1091	8.0	UGAUUGAGCCGUGCCAAUAUC	GATATTGGCGCGGCTCAATCA	3.8e-05	35.7
cpa-miR171b	augustus_masked-HiC_scaffold_14-processed-gene-807.14-mRNA-1	1	1038	1058	8.0	UGAUUGAGCCGUGCCAAUAUC	GATATTGGCGCGGCTCAATCA	3.8e-05	35.7
cpa-miR171b	augustus_masked-HiC_scaffold_10-processed-gene-1877.13-mRNA-1	1	618	638	8.0	UGAUUGAGCCGUGCCAAUAUC	GATATTGGCGCGGCTCAACCA	0.00037	32.4
cpa-miR171d	augustus_masked-HiC_scaffold_14-processed-gene-807.14-mRNA-1	1	1038	1058	8.0	UGAUUGAGCCGUGCCAAUAUC	GATATTGGCGCGGCTCAATCA	7.8e-05	34.7
cpa-miR171d	augustus_masked-HiC_scaffold_1-processed-gene-1847.4-mRNA-1	1	1170	1190	8.0	UGAUUGAGCCGUGCCAAUAUC	GATATTGGCGCGGCTCAATCA	7.8e-05	34.7
cpa-miR171d	augustus_masked-HiC_scaffold_15-processed-gene-197.3-mRNA-1	1	870	890	8.0	UGAUUGAGCCGUGCCAAUAUC	GATATTGGCGCGGCTCAATCA	7.8e-05	34.7
cpa-miR171d	augustus_masked-HiC_scaffold_14-processed-gene-806.18-mRNA-1	1	1044	1064	8.0	UGAUUGAGCCGUGCCAAUAUC	GATATTGGCGCGGCTCAATCA	7.8e-05	34.7
cpa-miR171d	augustus_masked-HiC_scaffold_12-processed-gene-1094.34-mRNA-1	1	1071	1091	8.0	UGAUUGAGCCGUGCCAAUAUC	GATATTGGCGCGGCTCAATCA	7.8e-05	34.7
cpa-miR171d	augustus_masked-HiC_scaffold_10-processed-gene-1877.13-mRNA-1	1	618	638	8.0	UGAUUGAGCCGUGCCAAUAUC	GATATTGGCGCGGCTCAACCA	0.00069	31.6
sly-miR171e	augustus_masked-HiC_scaffold_12-processed-gene-1094.34-mRNA-1	1	1068	1088	7.0	UUGAGCCGCGUCAAUAUCUCU	AGAGATATTGGCGCGGCTCAA	6.8e-05	34.9
sly-miR171e	augustus_masked-HiC_scaffold_15-processed-gene-197.3-mRNA-1	1	867	887	7.0	UUGAGCCGCGUCAAUAUCUCU	AGAGATATTGGCGCGGCTCAA	6.8e-05	34.9
sly-miR171e	augustus_masked-HiC_scaffold_14-processed-gene-807.14-mRNA-1	1	1035	1055	7.5	UUGAGCCGCGUCAAUAUCUCU	AGGGATATTGGCGCGGCTCAA	0.00062	31.7
sly-miR171e	augustus_masked-HiC_scaffold_14-processed-gene-806.18-mRNA-1	1	1041	1061	7.5	UUGAGCCGCGUCAAUAUCUCU	AGGGATATTGGCGCGGCTCAA	0.00062	31.7
vvi-miR171j	augustus_masked-HiC_scaffold_12-processed-gene-1094.34-mRNA-1	1	1071	1091	8.0	UGAUUGAGCCGUGCCAAUAUC	GATATTGGCGCGGCTCAATCA	4.5e-05	35.5
vvi-miR171j	augustus_masked-HiC_scaffold_1-processed-gene-1847.4-mRNA-1	1	1170	1190	8.0	UGAUUGAGCCGUGCCAAUAUC	GATATTGGCGCGGCTCAATCA	4.5e-05	35.5
vvi-miR171j	augustus_masked-HiC_scaffold_14-processed-gene-806.18-mRNA-1	1	1044	1064	8.0	UGAUUGAGCCGUGCCAAUAUC	GATATTGGCGCGGCTCAATCA	4.5e-05	35.5
vvi-miR171j	augustus_masked-HiC_scaffold_14-processed-gene-807.14-mRNA-1	1	1038	1058	8.0	UGAUUGAGCCGUGCCAAUAUC	GATATTGGCGCGGCTCAATCA	4.5e-05	35.5
vvi-miR171j	augustus_masked-HiC_scaffold_15-processed-gene-197.3-mRNA-1	1	870	890	8.0	UGAUUGAGCCGUGCCAAUAUC	GATATTGGCGCGGCTCAATCA	4.5e-05	35.5
vvi-miR171j	augustus_masked-HiC_scaffold_10-processed-gene-1877.13-mRNA-1	1	618	638	8.0	UGAUUGAGCCGUGCCAAUAUC	GATATTGGCGCGGCTCAACCA	0.00043	32.2
fve-miR171a	augustus_masked-HiC_scaffold_15-processed-gene-197.3-mRNA-1	1	870	890	8.0	UGAUUGAGCCGUGCCAAUAUC	GATATTGGCGCGGCTCAATCA	2e-05	36.7
fve-miR171a	augustus_masked-HiC_scaffold_12-processed-gene-1094.34-mRNA-1	1	1071	1091	8.0	UGAUUGAGCCGUGCCAAUAUC	GATATTGGCGCGGCTCAATCA	2e-05	36.7
fve-miR171a	augustus_masked-HiC_scaffold_1-processed-gene-1847.4-mRNA-1	1	1170	1190	8.0	UGAUUGAGCCGUGCCAAUAUC	GATATTGGCGCGGCTCAATCA	2e-05	36.7
fve-miR171a	augustus_masked-HiC_scaffold_14-processed-gene-806.18-mRNA-1	1	1044	1064	8.0	UGAUUGAGCCGUGCCAAUAUC	GATATTGGCGCGGCTCAATCA	2e-05	36.7
fve-miR171a	augustus_masked-HiC_scaffold_14-processed-gene-807.14-mRNA-1	1	1038	1058	8.0	UGAUUGAGCCGUGCCAAUAUC	GATATTGGCGCGGCTCAATCA	2e-05	36.7
fve-miR171a	augustus_masked-HiC_scaffold_10-processed-gene-1877.13-mRNA-1	1	618	638	8.0	UGAUUGAGCCGUGCCAAUAUC	GATATTGGCGCGGCTCAACCA	0.00022	33.2
fve-miR171e	augustus_masked-HiC_scaffold_14-processed-gene-807.14-mRNA-1	1	1038	1058	8.0	UGAUUGAGCCGUGCCAAUAUC	GATATTGGCGCGGCTCAATCA	5e-05	35.3
fve-miR171e	augustus_masked-HiC_scaffold_1-processed-gene-1847.4-mRNA-1	1	1170	1190	8.0	UGAUUGAGCCGUGCCAAUAUC	GATATTGGCGCGGCTCAATCA	5e-05	35.3
fve-miR171e	augustus_masked-HiC_scaffold_14-processed-gene-806.18-mRNA-1	1	1044	1064	8.0	UGAUUGAGCCGUGCCAAUAUC	GATATTGGCGCGGCTCAATCA	5e-05	35.3
fve-miR171e	augustus_masked-HiC_scaffold_15-processed-gene-197.3-mRNA-1	1	870	890	8.0	UGAUUGAGCCGUGCCAAUAUC	GATATTGGCGCGGCTCAATCA	5e-05	35.3
fve-miR171e	augustus_masked-HiC_scaffold_12-processed-gene-1094.34-mRNA-1	1	1071	1091	8.0	UGAUUGAGCCGUGCCAAUAUC	GATATTGGCGCGGCTCAATCA	5e-05	35.3
fve-miR171e	augustus_masked-HiC_scaffold_10-processed-gene-1877.13-mRNA-1	1	618	638	8.0	UGAUUGAGCCGUGCCAAUAUC	GATATTGGCGCGGCTCAACCA	0.00048	32.1
fve-miR171g	augustus_masked-HiC_scaffold_1-processed-gene-1847.4-mRNA-1	1	1170	1190	8.0	UGAUUGAGCCGUGCCAAUAUC	GATATTGGCGCGGCTCAATCA	3e-05	36.1
fve-miR171g	augustus_masked-HiC_scaffold_14-processed-gene-806.18-mRNA-1	1	1044	1064	8.0	UGAUUGAGCCGUGCCAAUAUC	GATATTGGCGCGGCTCAATCA	3e-05	36.1
fve-miR171g	augustus_masked-HiC_scaffold_14-processed-gene-807.14-mRNA-1	1	1038	1058	8.0	UGAUUGAGCCGUGCCAAUAUC	GATATTGGCGCGGCTCAATCA	3e-05	36.1
fve-miR171g	augustus_masked-HiC_scaffold_15-processed-gene-197.3-mRNA-1	1	870	890	8.0	UGAUUGAGCCGUGCCAAUAUC	GATATTGGCGCGGCTCAATCA	3e-05	36.1
fve-miR171g	augustus_masked-HiC_scaffold_12-processed-gene-1094.34-mRNA-1	1	1071	1091	8.0	UGAUUGAGCCGUGCCAAUAUC	GATATTGGCGCGGCTCAATCA	3e-05	36.1
fve-miR171g	augustus_masked-HiC_scaffold_10-processed-gene-1877.13-mRNA-1	1	618	638	8.0	UGAUUGAGCCGUGCCAAUAUC	GATATTGGCGCGGCTCAACCA	0.0003	32.7
fve-miR171c-3p	augustus_masked-HiC_scaffold_14-processed-gene-807.14-mRNA-1	1	1038	1058	8.0	UGAUUGAGCCGUGCCAAUAUC	GATATTGGCGCGGCTCAATCA	5.1e-05	35.3
fve-miR171c-3p	augustus_masked-HiC_scaffold_1-processed-gene-1847.4-mRNA-1	1	1170	1190	8.0	UGAUUGAGCCGUGCCAAUAUC	GATATTGGCGCGGCTCAATCA	5.1e-05	35.3
fve-miR171c-3p	augustus_masked-HiC_scaffold_14-processed-gene-806.18-mRNA-1	1	1044	1064	8.0	UGAUUGAGCCGUGCCAAUAUC	GATATTGGCGCGGCTCAATCA	5.1e-05	35.3
fve-miR171c-3p	augustus_masked-HiC_scaffold_15-processed-gene-197.3-mRNA-1	1	870	890	8.0	UGAUUGAGCCGUGCCAAUAUC	GATATTGGCGCGGCTCAATCA	5.1e-05	35.3
fve-miR171c-3p	augustus_masked-HiC_scaffold_12-processed-gene-1094.34-mRNA-1	1	1071	1091	8.0	UGAUUGAGCCGUGCCAAUAUC	GATATTGGCGCGGCTCAATCA	5.1e-05	35.3
fve-miR171c-3p	augustus_masked-HiC_scaffold_10-processed-gene-1877.13-mRNA-1	1	618	638	8.0	UGAUUGAGCCGUGCCAAUAUC	GATATTGGCGCGGCTCAACCA	0.00048	32.1
fve-miR171h	augustus_masked-HiC_scaffold_15-processed-gene-197.3-mRNA-1	1	867	887	8.0	UUGAGCCGCGUCAAUAUCUCC	AGAGATATTGGCGCGGCTCAA	0.00012	34.0
fve-miR171h	augustus_masked-HiC_scaffold_12-processed-gene-1094.34-mRNA-1	1	1068	1088	8.0	UUGAGCCGCGUCAAUAUCUCC	AGAGATATTGGCGCGGCTCAA	0.00012	34.0
fve-miR171f-3p	augustus_masked-HiC_scaffold_10-processed-gene-1877.13-mRNA-1	1	615	635	8.0	UUGAGCCGCGCCAAUAUCACU	CGTGATATTGGCGCGGCTCAA	4.1e-05	35.6
fve-miR171f-3p	augustus_masked-HiC_scaffold_15-processed-gene-197.3-mRNA-1	1	867	887	7.0	UUGAGCCGCGCCAAUAUCACU	AGAGATATTGGCGCGGCTCAA	0.00011	34.3
fve-miR171f-3p	augustus_masked-HiC_scaffold_14-processed-gene-806.18-mRNA-1	1	1041	1061	7.0	UUGAGCCGCGCCAAUAUCACU	AGGGATATTGGCGCGGCTCAA	0.00011	34.3
fve-miR171f-3p	augustus_masked-HiC_scaffold_14-processed-gene-807.14-mRNA-1	1	1035	1055	7.0	UUGAGCCGCGCCAAUAUCACU	AGGGATATTGGCGCGGCTCAA	0.00011	34.3
fve-miR171f-3p	augustus_masked-HiC_scaffold_12-processed-gene-1094.34-mRNA-1	1	1068	1088	7.0	UUGAGCCGCGCCAAUAUCACU	AGAGATATTGGCGCGGCTCAA	0.00011	34.3
fve-miR171f-3p	augustus_masked-HiC_scaffold_1-processed-gene-1847.4-mRNA-1	1	1167	1187	8.0	UUGAGCCGCGCCAAUAUCACU	ATCGATATTGGCGCGGCTCAA	0.00044	32.2
csi-miR171h-3p	augustus_masked-HiC_scaffold_1-processed-gene-1847.4-mRNA-1	1	1170	1190	8.0	UGAUUGAGCCGUGCCAAUAUC	GATATTGGCGCGGCTCAATCA	4e-05	35.7
csi-miR171h-3p	augustus_masked-HiC_scaffold_14-processed-gene-807.14-mRNA-1	1	1038	1058	8.0	UGAUUGAGCCGUGCCAAUAUC	GATATTGGCGCGGCTCAATCA	4e-05	35.7
csi-miR171h-3p	augustus_masked-HiC_scaffold_15-processed-gene-197.3-mRNA-1	1	870	890	8.0	UGAUUGAGCCGUGCCAAUAUC	GATATTGGCGCGGCTCAATCA	4e-05	35.7
csi-miR171h-3p	augustus_masked-HiC_scaffold_14-processed-gene-806.18-mRNA-1	1	1044	1064	8.0	UGAUUGAGCCGUGCCAAUAUC	GATATTGGCGCGGCTCAATCA	4e-05	35.7
csi-miR171h-3p	augustus_masked-HiC_scaffold_12-processed-gene-1094.34-mRNA-1	1	1071	1091	8.0	UGAUUGAGCCGUGCCAAUAUC	GATATTGGCGCGGCTCAATCA	4e-05	35.7
csi-miR171h-3p	augustus_masked-HiC_scaffold_10-processed-gene-1877.13-mRNA-1	1	618	638	8.0	UGAUUGAGCCGUGCCAAUAUC	GATATTGGCGCGGCTCAACCA	0.00039	32.4
csi-miR171i-3p	augustus_masked-HiC_scaffold_15-processed-gene-197.3-mRNA-1	1	870	890	8.0	UGAUUGAGCCGUGCCAAUAUC	GATATTGGCGCGGCTCAATCA	4.8e-05	35.4
csi-miR171i-3p	augustus_masked-HiC_scaffold_1-processed-gene-1847.4-mRNA-1	1	1170	1190	8.0	UGAUUGAGCCGUGCCAAUAUC	GATATTGGCGCGGCTCAATCA	4.8e-05	35.4
csi-miR171i-3p	augustus_masked-HiC_scaffold_14-processed-gene-806.18-mRNA-1	1	1044	1064	8.0	UGAUUGAGCCGUGCCAAUAUC	GATATTGGCGCGGCTCAATCA	4.8e-05	35.4
csi-miR171i-3p	augustus_masked-HiC_scaffold_12-processed-gene-1094.34-mRNA-1	1	1071	1091	8.0	UGAUUGAGCCGUGCCAAUAUC	GATATTGGCGCGGCTCAATCA	4.8e-05	35.4
csi-miR171i-3p	augustus_masked-HiC_scaffold_14-processed-gene-807.14-mRNA-1	1	1038	1058	8.0	UGAUUGAGCCGUGCCAAUAUC	GATATTGGCGCGGCTCAATCA	4.8e-05	35.4
csi-miR171i-3p	augustus_masked-HiC_scaffold_10-processed-gene-1877.13-mRNA-1	1	618	638	8.0	UGAUUGAGCCGUGCCAAUAUC	GATATTGGCGCGGCTCAACCA	0.00045	32.2
aof-miR171b	augustus_masked-HiC_scaffold_10-processed-gene-1877.13-mRNA-1	1	615	635	8.0	UUGAGCCGCGCCAAUAUCACU	CGTGATATTGGCGCGGCTCAA	1.8e-05	36.8
aof-miR171b	augustus_masked-HiC_scaffold_14-processed-gene-806.18-mRNA-1	1	1041	1061	7.0	UUGAGCCGCGCCAAUAUCACU	AGGGATATTGGCGCGGCTCAA	5e-05	35.3
aof-miR171b	augustus_masked-HiC_scaffold_15-processed-gene-197.3-mRNA-1	1	867	887	7.0	UUGAGCCGCGCCAAUAUCACU	AGAGATATTGGCGCGGCTCAA	5e-05	35.3
aof-miR171b	augustus_masked-HiC_scaffold_12-processed-gene-1094.34-mRNA-1	1	1068	1088	7.0	UUGAGCCGCGCCAAUAUCACU	AGAGATATTGGCGCGGCTCAA	5e-05	35.3
aof-miR171b	augustus_masked-HiC_scaffold_14-processed-gene-807.14-mRNA-1	1	1035	1055	7.0	UUGAGCCGCGCCAAUAUCACU	AGGGATATTGGCGCGGCTCAA	5e-05	35.3
aof-miR171b	augustus_masked-HiC_scaffold_1-processed-gene-1847.4-mRNA-1	1	1167	1187	8.0	UUGAGCCGCGCCAAUAUCACU	ATCGATATTGGCGCGGCTCAA	0.00022	33.2
aof-miR171c	augustus_masked-HiC_scaffold_12-processed-gene-1094.34-mRNA-1	1	1068	1088	8.0	UUGAGCCGCGUCAAUAUCUCC	AGAGATATTGGCGCGGCTCAA	0.00015	33.7
aof-miR171c	augustus_masked-HiC_scaffold_15-processed-gene-197.3-mRNA-1	1	867	887	8.0	UUGAGCCGCGUCAAUAUCUCC	AGAGATATTGGCGCGGCTCAA	0.00015	33.7
